發生時間,發生地點,死亡人數,車種
107年1月1日 5時12分秒,彰化縣大村鄉貢旗村田洋巷7號前.公尺東側,1,自用-小客車腳踏自行車-慢車
107年1月1日 14時55分秒,桃園市蘆竹區大竹北路418號前.公尺北側,1,普通輕型-機車
107年1月1日 17時1分13秒,苗栗縣竹南鎮中美里澎湖厝83號前,1,自用-小客車乘客-人乘客-人乘客-人
107年1月1日 17時3分2秒,南投縣集集鎮投54 6公里西向中內,1,普通重型-機車民營公車-大客車
107年1月1日 19時3分秒,彰化縣和美鎮大霞里彰和路3段59號前.公尺前,1,自用-小客車行人-人自用-小客車
107年1月2日 9時51分秒,雲林縣虎尾鎮平和橋與防汛道路口,1,普通重型-機車自用-小客車
107年1月2日 1時分秒,桃園市中壢區中豐路北側 / 桃園市中壢區永嘉街,1,自用-小客車普通重型-機車乘客-人
107年1月2日 13時34分秒,新北市樹林區中正路 / 新北市樹林區三俊街,1,自用-大貨車普通重型-機車
107年1月2日 15時3分59秒,花蓮縣豐濱鄉台11線 67公里4.公尺處北,1,其他車-其他車
107年1月2日 16時1分秒,雲林縣元長鄉台19線元進莊路口,1,普通重型-機車民營客運-大客車
107年1月2日 16時1分秒,屏東縣新園鄉中慶巷,1,自用-全聯結車普通重型-機車乘客-人
107年1月2日 16時29分秒,臺中市東區旱溪里旱溪街前.公尺,1,普通重型-機車普通重型-機車
107年1月2日 19時55分秒,基隆市七堵區工建路184號前.公尺,1,自用-小客車普通重型-機車自用-小貨車(含客、貨兩用)自用-小客車
107年1月3日 14時47分秒,臺北市中山區民權東路2段 / 臺北市中山區松江路,1,民營公車-大客車行人-人
107年1月3日 16時1分秒,新北市新店區北宜路前.公尺,1,普通重型-機車自用-小客車
107年1月4日 6時4分秒,苗栗縣苗栗市嘉盛里經國路三段與育英街53巷路口,1,腳踏自行車-慢車自用-小客車
107年1月4日 8時58分秒,高雄市左營區新庄仔路46號前.公尺,1,普通重型-機車
107年1月4日 12時36分秒,彰化縣芳苑鄉頂廍村斗苑路頂廍段前.公尺,1,自用-小貨車(含客、貨兩用)普通重型-機車
107年1月4日 15時42分秒,臺南市永康區正強街西側 / 臺南市永康區正強街,1,腳踏自行車-慢車普通重型-機車
107年1月4日 19時42分47秒,臺南市仁德區上崙里義林南路東側 / 臺南市仁德區上崙里民安路,1,普通重型-機車自用-小貨車(含客、貨兩用)
107年1月5日 19時2分秒,屏東縣長治鄉台24線7號路燈前,1,自用-小客車腳踏自行車-慢車
107年1月5日 22時1分19秒,宜蘭縣礁溪鄉礁溪路2段柴圍橋,1,行人-人自用-小客車
107年1月6日 18時14分5秒,苗栗縣竹南鎮崎頂里西濱公路88.4公里往南快車道,1,普通重型-機車自用-小客車
107年1月7日 1時5分秒,高雄市大寮區鳳林三路637號前.公尺,1,普通重型-機車
107年1月7日 14時25分38秒,屏東縣內埔鄉昌南路(老埤幹TS36號電桿),1,普通重型-機車乘客-人
107年1月7日 16時34分秒,臺南市安平區永華路2段北側 / 臺南市安平區健康二街,1,普通輕型-機車自用-小客車乘客-人
107年1月7日 19時25分秒,澎湖縣湖西鄉縣22線 9公里55.公尺處東向外側,1,自用-小客車
107年1月8日 1時36分秒,屏東縣恆春鎮恆南路前.公尺,1,普通重型-機車
107年1月8日 7時9分51秒,花蓮縣壽豐鄉水璉村海岸公路前.公尺北側,1,自用-小客車
107年1月8日 7時47分31秒,嘉義縣民雄鄉平和村嘉76線4.1K,1,普通重型-機車自用-小客車
107年1月8日 11時分22秒,高雄市仁武區國道1號 3公里9.公尺處西向外側,1,營業用-半聯結車自用-小貨車(含客、貨兩用)自用-小客車營業用-半聯結車自用-小客車營業用-小貨車(含客、貨兩用)
107年1月8日 18時35分秒,臺南市安平區永華九街西側 / 臺南市安平區建平七街,1,普通輕型-機車自用-小客車
107年1月8日 22時39分秒,雲林縣斗六市石榴路與河南街口,1,自用-小客車
107年1月9日 時34分秒,彰化縣和美鎮好修里和港路784號前.公尺,2,自用-小客車電動自行車-慢車電動輔助自行車-慢車電動輔助自行車-慢車
107年1月9日 4時12分45秒,臺南市安定區國道1號 31公里北向中線,1,營業用-半聯結車自用-小貨車(含客、貨兩用)民營客運-大客車乘客-人乘客-人
107年1月9日 5時2分秒,臺北市信義區行人穿越道,1,自用-小貨車(含客、貨兩用)行人-人
107年1月9日 7時37分6秒,南投縣草屯鎮平林里健行路65巷29號前.公尺,1,自用-小貨車(含客、貨兩用)
107年1月9日 18時25分59秒,雲林縣北港鎮劉厝里民樂路397號前,1,自用-小貨車(含客、貨兩用)行人-人
107年1月9日 22時3分1秒,臺南市中西區府前路1段南側 / 臺南市中西區永福路1段,1,租賃車-小客車普通重型-機車
107年1月1日 時14分秒,金門縣金寧鄉桃園路138號路燈處號前.公尺,1,普通重型-機車自用-小客車乘客-人
107年1月1日 5時35分秒,雲林縣虎尾鎮穎川里頂南414號,1,自用-小客車
107年1月1日 13時2分秒,新北市三峽區復興路 / 新北市三峽區民生街,1,自用-小客車行人-人
107年1月1日 13時28分16秒,南投縣名間鄉南雲路 電線杆 名間幹253,1,自用-小客車
107年1月11日 6時11分秒,屏東縣屏東市和生路一段與歸仁路口,1,自用-大貨車普通重型-機車
107年1月11日 1時1分秒,屏東縣南州鄉台1線北向機慢車道424公里處,1,自用-小客車普通重型-機車
107年1月11日 11時3分秒,臺北市大安區信義路3段134巷前.公尺,1,租賃車-小客車行人-人
107年1月11日 16時分秒,高雄市三民區同盟二路215號號前.公尺前,1,自用-小貨車(含客、貨兩用)腳踏自行車-慢車
107年1月11日 17時5分秒,彰化縣彰化市延和里岸頭巷前.公尺,1,營業用-大貨車腳踏自行車-慢車自用-小貨車(含客、貨兩用)
107年1月12日 8時55分秒,高雄市鼓山區美術館路 / 高雄市鼓山區美術東四路,1,自用-小客車自用-小客車普通重型-機車
107年1月12日 9時32分秒,新北市瑞芳區明燈路2段 / 新北市瑞芳區逢甲路2段,1,民營客運-大客車普通重型-機車
107年1月12日 14時35分秒,臺中市豐原區豐圳里圓環西路前.公尺,1,普通重型-機車自用-小貨車(含客、貨兩用)
107年1月12日 17時2分23秒,屏東縣枋山鄉枋山村枋山路6號,1,自用-小客車
107年1月12日 2時分秒,屏東縣屏東市建國路241巷口,1,自用-小客車自用-小客車乘客-人乘客-人乘客-人
107年1月12日 2時56分秒,桃園市楊梅區楊明里新農街高公涵洞前,1,普通重型-機車營業用-大貨車
107年1月13日 時2分秒,屏東縣東港鎮光復路與新學路口,1,普通重型-機車
107年1月13日 3時分2秒,南投縣集集鎮台16線 5公里6.公尺處東向路肩,1,自用-小客車
107年1月13日 7時5分秒,雲林縣斗六市雲林路二段459-1號前,1,普通重型-機車自用-小客車乘客-人
107年1月13日 19時8分秒,屏東縣屏東市和平路南側 / 屏東縣屏東市建國路,1,自用-小客車普通重型-機車
107年1月14日 7時24分秒,彰化縣永靖鄉港西村永久路 / 彰化縣永靖鄉港西村中山路1段,1,普通重型-機車自用-小客車
107年1月14日 7時45分秒,彰化縣溪湖鎮東溪里員鹿路1段前.公尺,1,租賃車-小客車普通重型-機車
107年1月14日 1時37分秒,桃園市平鎮區中豐路西側 / 桃園市平鎮區中豐路,1,普通重型-機車自用-小客車自用-小客車自用-小客車
107年1月14日 14時3分11秒,臺南市仁德區保安里文賢路1段642號前.公尺,1,普通重型-機車
107年1月14日 15時58分秒,彰化縣永靖鄉五汴村中山路3段335號前.公尺,1,腳踏自行車-慢車自用-小客車
107年1月14日 17時15分8秒,苗栗縣造橋鄉龍昇村台一線與苗八線路口,1,大型重型2(25-55C.C.)-機車自用-小客車
107年1月14日 17時35分6秒,桃園市觀音區新坡里文林路5.5公里處,1,普通重型-機車
107年1月14日 18時42分29秒,新竹縣湖口鄉德興北路電桿(望間幹18支6BC417CD96)旁,1,自用-小客車行人-人
107年1月15日 7時35分秒,臺南市西港區營西里455號前,1,自用-大貨車普通重型-機車
107年1月15日 8時19分秒,彰化縣埤頭鄉和豐村斗苑東路129號前.公尺前,1,普通重型-機車普通重型-機車
107年1月15日 8時3分53秒,屏東縣內埔鄉屏光路295號,1,普通輕型-機車普通重型-機車自用-大貨車
107年1月15日 8時42分秒,高雄市楠梓區村大學東路 / 高雄市楠梓區大學二十六街,1,普通重型-機車普通重型-機車
107年1月15日 14時3分秒,高雄市仁武區仁雄路前.公尺,1,普通重型-機車自用-大貨車自用-小客車
107年1月15日 17時54分秒,高雄市楠梓區村軍校路931號前.公尺,1,普通重型-機車普通重型-機車自用-小客車
107年1月15日 17時54分4秒,臺東縣鹿野鄉台9線 355公里南向機、慢車道,1,普通重型-機車腳踏自行車-慢車腳踏自行車-慢車
107年1月15日 18時分3秒,臺南市中西區成功路西側 / 臺南市中西區海安路,1,行人-人普通重型-機車
107年1月15日 19時5分秒,彰化縣芳苑鄉三合村斗苑路三合段258號前.公尺,1,行人-人自用-小客車自用-小客車
107年1月16日 5時32分19秒,臺中市龍井區國道3號 183公里7.公尺處北向外側,1,自用-大貨車營業用-半聯結車自用-小客車自用-小客車自用-小貨車(含客、貨兩用)乘客-人乘客-人
107年1月16日 7時38分秒,高雄市仁武區村鳳仁路 / 高雄市仁武區永宏巷,1,營業用-曳引車普通重型-機車
107年1月16日 15時17分秒,高雄市小港區村高鳳路 / 高雄市小港區松興路,1,普通重型-機車普通重型-機車自用-半聯結車
107年1月16日 17時29分秒,臺中市東區東興里大智路前.公尺,1,普通重型-機車自用-小貨車(含客、貨兩用)
107年1月16日 22時25分秒,高雄市大寮區華中路 / 高雄市大寮區莒光三街,1,行人-人自用-小客車
107年1月17日 1時分秒,新北市五股區民義路前.公尺,1,營業用-大貨車乘客-人
107年1月17日 15時48分秒,屏東縣內埔鄉豐田村龍崗路226-1號旁,1,腳踏自行車-慢車自用-小客車
107年1月18日 5時58分4秒,桃園市蘆竹區富國路3段178號前.公尺南側,1,普通重型-機車營業用-曳引車
107年1月18日 6時21分秒,新北市板橋區LP-R3-C4號號誌桿旁,1,大型重型2(25-55C.C.)-機車行人-人
107年1月18日 7時18分秒,宜蘭縣五結鄉親河路1段前.公尺東側,1,自用-小客車普通重型-機車
107年1月18日 18時2分4秒,臺南市南區新建路西側 / 臺南市南區新建路,1,自用-小貨車(含客、貨兩用)行人-人
107年1月18日 19時18分28秒,新竹縣湖口鄉榮光路東側 / 新竹縣湖口鄉廬江路,1,普通重型-機車自用-大貨車
107年1月18日 19時38分秒,彰化縣北斗鎮大道里中山路2段 / 彰化縣北斗鎮大道里復興路,1,自用-曳引車行人-人
107年1月18日 23時48分秒,臺北市中正區公園路 / 臺北市中正區信陽街,1,行人-人自用-小客車自用-小客車
107年1月19日 時13分秒,臺中市太平區光明里環太東路251號前.公尺,1,普通重型-機車自用-小貨車(含客、貨兩用)
107年1月19日 7時8分秒,嘉義市東區中庄里忠孝路 / 嘉義市東區中庄里義教街,1,自用-小貨車(含客、貨兩用)普通重型-機車
107年1月19日 7時3分1秒,臺南市東區生產路68號,1,普通重型-機車
107年1月19日 8時35分秒,高雄市新興區村中正三路5號前.公尺,1,普通重型-機車腳踏自行車-慢車
107年1月19日 8時5分秒,臺南市北區西門路3段北側 / 臺南市北區民德路,1,普通輕型-機車自用-小貨車(含客、貨兩用)
107年1月19日 2時4分秒,花蓮縣富里鄉學田村南興路西側 / 花蓮縣富里鄉學田村民權路,1,自用-小貨車(含客、貨兩用)
107年1月19日 23時25分16秒,屏東縣崁頂鄉中正路93號,1,普通重型-機車乘客-人
107年1月2日 2時43分秒,新北市土城區擺接堡路前.公尺,1,自用-小客車自用-小客車乘客-人
107年1月2日 15時1分秒,屏東縣東港鎮共和街59-6號,1,普通重型-機車
107年1月2日 22時3分秒,南投縣埔里鎮蜈蚣里鯉魚路21-3號東側,1,普通重型-機車
107年1月2日 22時34分秒,金門縣金城鎮民生路埔邊133號旁號前.公尺,1,自用-小客車行人-人行人-人
107年1月21日 5時5分38秒,臺南市南區健康路1段南側 / 臺南市南區慶中街,1,普通重型-機車自用-小客車
107年1月21日 8時12分秒,高雄市路竹區中山路1213號前.公尺前,1,普通重型-機車自用-小客車
107年1月21日 19時42分秒,臺中市北區五常里學士路前.公尺,1,自用-小客車普通重型-機車乘客-人乘客-人
107年1月21日 22時39分11秒,苗栗縣苑裡鎮泰田里苗45線與鎮安九路,1,普通重型-機車自用-小客車
107年1月22日 6時25分秒,屏東縣屏東市忠孝路246號對面,1,自用-小客車自用-小貨車(含客、貨兩用)乘客-人
107年1月23日 22時3分秒,苗栗縣卓蘭鎮苗14線26公里處(往三義方向),1,自用-小客車自用-小客車乘客-人
107年1月24日 17時25分秒,臺南市安南區台江大道5段西側 / 臺南市安南區北汕尾三路,1,電動自行車-慢車自用-小客車
107年1月25日 19時8分3秒,嘉義縣水上鄉龍德村十一指厝75之11號前,1,普通重型-機車普通重型-機車自用-小貨車(含客、貨兩用)
107年1月26日 8時37分秒,臺南市新化區全興里中山路台39線路口,1,普通重型-機車營業用-曳引車
107年1月26日 18時15分秒,嘉義縣民雄鄉秀林村林子尾2號前路口,1,自用-大貨車普通重型-機車自用-小客車
107年1月26日 2時6分秒,臺南市安南區安中路5段東側 / 臺南市安南區安中路5段,1,遊覽車-大客車大型重型2(25-55C.C.)-機車
107年1月27日 6時15分秒,臺中市大肚區蔗廍里遊園路二段前.公尺,1,普通重型-機車行人-人
107年1月27日 7時13分秒,臺東縣卑南鄉文泰路66號前.公尺,1,普通重型-機車乘客-人
107年1月27日 7時4分6秒,彰化縣溪湖鎮國道1號 212公里4.公尺處南向中線,1,自用-小客車自用-小客車乘客-人
107年1月28日 13時5分6秒,宜蘭縣員山鄉惠深一路南側 / 宜蘭縣員山鄉賢德路1段,1,自用-小客車自用-小客車腳踏自行車-慢車
107年1月28日 18時29分秒,彰化縣彰化市西興里彰草路 / 彰化縣彰化市西興里金馬路3段,1,自用-小客車普通重型-機車
107年1月28日 21時1分43秒,桃園市桃園區大有路899號前.公尺,1,普通重型-機車行人-人行人-人
107年1月29日 16時58分18秒,屏東縣潮州鎮光春路415號,1,自用-小貨車(含客、貨兩用)
107年1月29日 17時37分秒,高雄市岡山區介壽東路口 / 高雄市岡山區岡燕路口,1,普通重型-機車營業用-大貨車
107年1月29日 22時16分54秒,桃園市大園區國道2號 1公里西向交流道,1,自用-大貨車
107年1月29日 23時21分秒,雲林縣麥寮鄉後安村雲3線往北(燈桿編號1351),1,自用-小客車行人-人
107年1月3日 1時17分秒,桃園市八德區介壽路2段177號前.公尺,1,普通重型-機車行人-人
107年1月3日 2時35分秒,臺東縣臺東市桂林北路1831號路燈前,1,普通重型-機車自用-小貨車(含客、貨兩用)
107年1月3日 15時54分秒,臺中市北屯區平昌里北平路前.公尺,1,自用-小客車行人-人
107年1月31日 7時4分秒,高雄市前鎮區中安路前.公尺,1,普通重型-機車
107年1月31日 19時1分42秒,宜蘭縣三星鄉萬富村上將路五段北側 / 宜蘭縣三星鄉萬富村富貴一路,1,自用-小貨車(含客、貨兩用)普通重型-機車
107年1月31日 2時5分秒,新北市板橋區大漢橋路前.公尺,1,自用-小客車
107年2月1日 時55分秒,新北市板橋區臺65線道路前.公尺,1,自用-小客車
107年2月1日 1時28分秒,臺中市烏日區光明里五光路826號前.公尺,1,自用-小客車自用-小客車
107年2月1日 19時分秒,苗栗縣頭份市中正路642之1號前,1,自用-小客車行人-人
107年2月3日 7時29分秒,宜蘭縣礁溪鄉光武村武暖路77-6號,1,普通重型-機車
107年2月3日 19時13分37秒,臺南市安定區海寮里臺19線13.9km,1,普通重型-機車
107年2月4日 17時5分秒,臺南市左鎮區榮和里菜寮56號旁,1,自用-小客車乘客-人
107年2月5日 15時28分秒,雲林縣土庫鎮新庄里雲88線與雲13線路口,22,自用-小貨車(含客、貨兩用)自用-小貨車(含客、貨兩用)乘客-人乘客-人乘客-人乘客-人乘客-人乘客-人乘客-人乘客-人乘客-人乘客-人乘客-人乘客-人
107年2月5日 2時54分秒,桃園市新屋區台66線 7公里6.公尺處西向外側,1,自用-小客車自用-小客車自用-小客車
107年2月6日 7時3分秒,新北市新店區祥和路前.公尺,1,計程車-小客車乘客-人乘客-人
107年2月6日 13時12分秒,桃園市蘆竹區仁愛路三段高鐵橋下,1,腳踏自行車-慢車
107年2月6日 21時2分1秒,南投縣草屯鎮御史里登輝路212號對面,1,自用-大貨車普通重型-機車
107年2月6日 22時52分秒,彰化縣二林鎮廣興里廣興巷前.公尺,1,自用-小客車
107年2月7日 16時35分秒,臺南市安南區北安路4段東側 / 臺南市安南區工明路,1,自用-小客車普通重型-機車
107年2月7日 18時25分5秒,花蓮縣秀林鄉台9線 191公里7.公尺處南向外側,1,普通重型-機車自用-小貨車(含客、貨兩用)乘客-人
107年2月7日 21時22分5秒,高雄市旗山區國道1號 32公里4.公尺處東側向外側,1,自用-小客車
107年2月8日 18時14分秒,高雄市前鎮區村三多二路 / 高雄市前鎮區桂林街,1,營業用-大貨車普通重型-機車
107年2月9日 5時59分33秒,新竹縣關西鎮正義、北平路口,1,行人-人自用-小客車
107年2月9日 7時39分秒,彰化縣大村鄉村上村中正西路62號前.公尺,1,營業用-大貨車普通重型-機車
107年2月9日 15時分秒,高雄市六龜區旗六公路13K號前.公尺,1,自用-小客車乘客-人乘客-人乘客-人乘客-人
107年2月9日 16時4分秒,花蓮縣富里鄉台9線 34公里6.公尺處南,1,普通重型-機車營業用-半聯結車
107年2月1日 1時5分秒,臺南市中西區西門路2段北側 / 臺南市中西區民族路3段,1,腳踏自行車-慢車自用-小客車
107年2月1日 6時3分秒,臺南市佳里區蚶寮里南34線公路與南35線公路路口,1,普通重型-機車自用-小客車乘客-人
107年2月1日 7時分秒,高雄市前鎮區環區一路與南二路口,1,普通重型-機車普通重型-機車
107年2月1日 8時22分秒,彰化縣彰化市牛埔里彰興路2段 / 彰化縣彰化市牛埔里彰南路3段,1,普通重型-機車普通重型-機車
107年2月11日 3時27分秒,臺中市西區土庫里五權西路前.公尺,1,自用-小貨車(含客、貨兩用)行人-人
107年2月11日 5時15分43秒,宜蘭縣頭城鎮頂埔里頂埔路1段276號前.公尺東側,1,普通重型-機車行人-人
107年2月11日 23時55分2秒,臺南市白河區大竹里南89線4.6公里處,1,自用-小客車
107年2月12日 13時5分秒,臺南市安南區海佃路2段南側 / 臺南市安南區海東七街,1,普通重型-機車普通重型-機車
107年2月12日 2時13分秒,臺東縣大武鄉台9線 435公里7.公尺處北向路肩,1,普通重型-機車
107年2月13日 18時47分秒,屏東縣林邊鄉下庄57號前,1,行人-人自用-小客車
107年2月13日 22時35分秒,嘉義縣民雄鄉台1線 256公里7.公尺處南向外側,1,自用-小客車自用-小貨車(含客、貨兩用)乘客-人乘客-人乘客-人
107年2月14日 8時分秒,臺中市后里區廣福里三豐路三段前.公尺,1,普通重型-機車普通重型-機車自用-小貨車(含客、貨兩用)自用-小客車自用-小客車乘客-人
107年2月14日 1時8分秒,臺東縣成功鎮忠仁里中山東路與南側 / 臺東縣成功鎮忠仁里光復路,1,自用-小貨車(含客、貨兩用)行人-人
107年2月14日 14時2分秒,新竹市東區光復路二段316號前.公尺,1,自用-小貨車(含客、貨兩用)普通重型-機車
107年2月14日 21時47分秒,臺北市中山區民族東路129號前.公尺,1,自用-小貨車(含客、貨兩用)行人-人
107年2月15日 1時32分26秒,嘉義縣竹崎鄉灣橋村朴子埔185號,1,自用-小客車自用-小貨車(含客、貨兩用)
107年2月15日 23時3分秒,雲林縣土庫鎮越港里林森路與大同路,1,自用-小客車
107年2月16日 18時4分秒,屏東縣里港鄉新民路(大山寮高幹62左4),1,普通重型-機車
107年2月16日 19時34分秒,雲林縣褒忠鄉新湖村新湖路25號前,1,自用-小客車
107年2月16日 2時4分38秒,花蓮縣吉安鄉廣賢路2段61號前.公尺東側,1,自用-小客車普通重型-機車
107年2月16日 2時5分秒,基隆市暖暖區八堵路大華二橋,1,大型重型2(25-55C.C.)-機車
107年2月17日 時5分秒,臺南市南區樹林街2段西側 / 臺南市南區西門路1段,1,普通重型-機車普通重型-機車乘客-人
107年2月17日 14時41分17秒,新竹縣新豐鄉瑞興村9鄰167號附近,1,自用-小客車乘客-人乘客-人
107年2月17日 21時5分秒,臺中市豐原區社皮里豐原大道一段前.公尺,1,自用-小客車行人-人
107年2月18日 16時6分秒,新北市金山區臺2甲線道路前.公尺,1,自用-小客車自用-小客車乘客-人乘客-人乘客-人乘客-人乘客-人
107年2月19日 16時17分秒,桃園市大溪區員林路3段584號前.公尺,1,普通重型-機車乘客-人
107年2月19日 16時59分秒,新北市坪林區北宜公路前.公尺,1,大型重型2(25-55C.C.)-機車
107年2月19日 22時3分秒,雲林縣斗南鎮延平路二段31249號路燈附近,1,腳踏自行車-慢車自用-小客車
107年2月2日 4時9分秒,臺北市大安區市民大道4段前.公尺,1,普通重型-機車自用-小客車普通重型-機車普通重型-機車
107年2月2日 5時43分秒,屏東縣長治鄉台24線新榮3-16號前,1,普通重型-機車
107年2月2日 1時16分秒,新竹縣竹北市蓮花路75巷,1,普通重型-機車自用-小貨車(含客、貨兩用)
107年2月2日 16時24分秒,彰化縣二林鎮後厝里斗苑路3段321號前.公尺前,1,自用-小貨車(含客、貨兩用)自用-小客車
107年2月21日 時2分秒,嘉義縣東石鄉下揖村嘉7線9669號路燈桿前,1,自用-小客車
107年2月21日 15時25分16秒,嘉義縣民雄鄉東榮村文化路與進興街旁,1,普通重型-機車腳踏自行車-慢車
107年2月22日 9時3分24秒,嘉義縣太保市田尾里產業道路(溪南1之88號),1,普通重型-機車
107年2月22日 13時1分秒,屏東縣東港鎮中正路3段65號,1,普通重型-機車
107年2月23日 6時分秒,臺東縣海端鄉東7 7公里7.公尺處北向外側,1,普通重型-機車
107年2月23日 8時17分秒,高雄市岡山區成功路口 / 高雄市岡山區岡山路口,1,普通重型-機車營業用-大貨車
107年2月23日 16時分秒,臺中市東勢區下新里東蘭路78-6號前.公尺,1,自用-小客車行人-人自用-小客車自用-小客車
107年2月23日 18時34分秒,彰化縣秀水鄉鶴鳴村彰鹿路15號前.公尺前,1,自用-小客車行人-人
107年2月23日 23時59分18秒,桃園市大園區台61線 31公里6.公尺處南向內側,1,大型重型1(55C.C.以上)-機車
107年2月24日 1時16分秒,桃園市龜山區大湖路上警察大學後門附近,1,普通重型-機車
107年2月24日 4時45分2秒,南投縣中寮鄉內城村龍南路11-1號東側,1,自用-小貨車(含客、貨兩用)其他人-人
107年2月24日 12時2分秒,雲林縣斗南鎮新崙里產業道路斗南鎮115573號燈桿處路口,1,自用-小客車普通重型-機車
107年2月24日 12時44分59秒,桃園市復興區三民里11鄰水流東33號(O17228三民所),1,自用-小客車普通重型-機車自用-小客車
107年2月24日 15時14分56秒,屏東縣新園鄉塩光路12-7號,1,普通重型-機車乘客-人
107年2月24日 16時54分秒,新北市五股區疏洪一路前.公尺,1,普通重型-機車乘客-人
107年2月24日 17時5分57秒,臺南市永康區永大路1段北側 / 臺南市永康區大灣東路,1,民營公車-大客車普通重型-機車
107年2月25日 2時45分54秒,桃園市桃園區中山路219號,1,普通重型-機車自用-小客車
107年2月25日 13時分21秒,嘉義縣阿里山鄉十字村台18線8.3公里處,1,自用-小客車乘客-人
107年2月25日 16時34分秒,雲林縣元長鄉五塊村北水路29號旁路口,1,普通重型-機車自用-小客車
107年2月26日 11時18分2秒,屏東縣內埔鄉東勢村大同路4段(龍泉高幹78號電桿),1,普通重型-機車
107年2月26日 17時分秒,臺中市清水區臨江里臨港路七段前.公尺,1,自用-小客車普通輕型-機車
107年2月26日 18時29分1秒,苗栗縣通霄鎮坪頂里14鄰133-5號前,1,自用-小客車行人-人
107年2月27日 4時52分秒,臺中市北屯區平田里興安路一段前.公尺,1,自用-小貨車(含客、貨兩用)自用-小客車普通重型-機車自用-小客車乘客-人
107年2月27日 5時15分秒,高雄市燕巢區國道1號 14公里9.公尺處東向內側,1,自用-小客車
107年2月27日 16時46分秒,高雄市小港區村明聖街116號前.公尺前,1,普通重型-機車腳踏自行車-慢車
107年2月27日 18時45分秒,高雄市三民區陽明路口 / 高雄市三民區澄和路口,1,普通重型-機車普通重型-機車
107年2月28日 5時53分秒,臺北市萬華區西園路1段 / 臺北市萬華區和平西路3段,1,大型重型1(55C.C.以上)-機車行人-人
107年2月28日 13時7分秒,嘉義縣中埔鄉龍門村龍門24之2號,1,自用-小貨車(含客、貨兩用)
107年2月28日 16時1分秒,嘉義縣朴子市永和里台82線東西向快速道路8.7公里附近,1,自用-小貨車(含客、貨兩用)
107年3月1日 7時2分秒,臺南市仁德區中正路1段北側 / 臺南市仁德區二仁路1段,1,營業用-全聯結車腳踏自行車-慢車
107年3月1日 18時36分秒,桃園市桃園區富國路669號前.公尺西側,1,普通重型-機車營業用-曳引車
107年3月1日 2時4分31秒,彰化縣彰化市國道3號 23公里4.公尺處北向中線,1,自用-小客車自用-小客車其他人-人自用-小客車自用-小客車
107年3月2日 14時5分秒,花蓮縣壽豐鄉豐坪村豐坪路3段北側,1,自用-小貨車(含客、貨兩用)
107年3月2日 15時39分28秒,新竹縣竹北市中正西路1458號,1,普通重型-機車營業用-大貨車
107年3月2日 18時4分秒,南投縣名間鄉大坑村4鄰南田路217號前.公尺西側,1,普通重型-機車行人-人
107年3月3日 時44分秒,臺南市鹽水區後宅里南3線5公里1公尺處,1,普通重型-機車
107年3月3日 時53分秒,屏東縣萬丹鄉四維村丹榮路南側 / 屏東縣萬丹鄉四維村萬丹路2段,1,普通重型-機車
107年3月3日 6時4分秒,桃園市大園區圳頭里1鄰後館1-12號,1,普通重型-機車營業用-曳引車
107年3月3日 6時3分3秒,雲林縣西螺鎮大新里大新路1-2號北側,1,自用-小客車
107年3月4日 7時3分秒,臺中市北屯區舊社里北屯路前.公尺,1,普通重型-機車自用-小客車
107年3月4日 11時18分51秒,苗栗縣苑裡鎮玉豐5路與玉豐1路口,1,自用-小客車普通重型-機車乘客-人乘客-人乘客-人乘客-人
107年3月4日 17時14分秒,桃園市平鎮區南勢里快速路2段795號前.公尺,1,自用-小客車普通重型-機車
107年3月5日 5時4分秒,桃園市楊梅區永美路東側 / 桃園市楊梅區萬大路,1,普通重型-機車自用-小客車乘客-人
107年3月5日 5時54分秒,新北市三重區重新路5段451號前.公尺,1,行人-人自用-小客車
107年3月5日 11時2分5秒,桃園市中壢區龍岡里龍岡路三段與游泳路口,1,普通重型-機車自用-小貨車(含客、貨兩用)
107年3月6日 8時14分22秒,臺南市善化區環西路二段(資源再生中心旁)路燈編號41-2-2附近,1,普通重型-機車
107年3月6日 12時54分19秒,南投縣埔里鎮中山路三段與水裡巷口,1,普通重型-機車普通重型-機車
107年3月6日 15時14分34秒,苗栗縣通霄鎮國道3號 14公里8.公尺處南向內側,1,自用-小貨車(含客、貨兩用)自用-大貨車自用-大貨車
107年3月7日 7時33分秒,新竹縣新埔鎮褒忠路283之57號前(往竹北方向),1,普通重型-機車
107年3月7日 9時分秒,嘉義市西區福安里世賢路2段 / 嘉義市西區福安里北港路,1,自用-小貨車(含客、貨兩用)普通重型-機車
107年3月7日 9時18分秒,新北市八里區中華路 / 新北市八里區商港路,1,營業用-曳引車普通重型-機車
107年3月7日 11時42分秒,嘉義縣新港鄉南崙村崙子5號前路口,1,自用-小客車自用-小貨車(含客、貨兩用)自用-小客車乘客-人乘客-人乘客-人
107年3月7日 14時52分19秒,臺南市將軍區將富里,1,普通重型-機車
107年3月7日 18時38分57秒,花蓮縣吉安鄉南海十街東側 / 花蓮縣吉安鄉海岸路,1,營業用-大貨車腳踏自行車-慢車
107年3月8日 22時11分39秒,臺南市善化區溪美里台19甲線與南122線路口,1,自用-小客車普通重型-機車
107年3月9日 4時9分3秒,苗栗縣後龍鎮台六線與龍坑里6鄰埔仔頂48號旁產業道路口附近,1,營業用-大貨車普通重型-機車
107年3月9日 7時13分秒,嘉義縣太保市港尾里產業道路(電桿1576旁),1,普通重型-機車
107年3月9日 8時13分秒,高雄市林園區溪州二路115巷林園幹12號前.公尺,1,普通重型-機車普通重型-機車
107年3月9日 14時59分59秒,雲林縣北港鎮台19線 65公里北向內側,1,自用-小貨車(含客、貨兩用)普通重型-機車自用-小貨車(含客、貨兩用)自用-小客車乘客-人
107年3月9日 15時13分秒,高雄市燕巢區中興路附近 / 高雄市燕巢區中興路附近,1,自用-大貨車普通重型-機車
107年3月9日 18時46分秒,基隆市仁愛區仁二路 / 基隆市仁愛區愛三路,1,行人-人民營客運-大客車
107年3月9日 23時46分37秒,屏東縣潮州鎮台一線與彭城路口,1,普通重型-機車自用-小客車乘客-人乘客-人乘客-人乘客-人乘客-人
107年3月1日 1時42分秒,臺中市中區中華里臺灣大道一段562號前.公尺,1,自用-小客車普通重型-機車
107年3月1日 4時39分秒,彰化縣員林市三多里莒光路838號前.公尺,1,行人-人自用-小客車
107年3月1日 5時3分23秒,南投縣埔里鎮中山路三段588號前.公尺東側,1,自用-小客車行人-人
107年3月1日 7時2分52秒,嘉義縣梅山鄉梅北村健康街南側 / 嘉義縣梅山鄉梅北村新市路,1,普通重型-機車普通重型-機車
107年3月1日 8時2分秒,臺東縣臺東市臨海路1段南側 / 臺東縣臺東市馬亨亨大道,1,普通重型-機車自用-小客車
107年3月1日 1時52分秒,臺南市安平區怡平路364號前.公尺,1,自用-小客車普通輕型-機車普通重型-機車乘客-人
107年3月1日 11時3分秒,雲林縣西螺鎮國道1號 233公里4.公尺處北向內側,1,自用-小客車自用-小客車乘客-人
107年3月1日 12時4分3秒,南投縣名間鄉新街村彰南路556號前.公尺,1,電動自行車-慢車自用-小客車
107年3月1日 17時2分秒,臺南市南區濱南路南側 / 臺南市南區商港路,1,自用-小客車普通重型-機車
107年3月1日 23時14分秒,臺南市永康區大灣路17號,1,普通輕型-機車自用-小貨車(含客、貨兩用)
107年3月11日 23時31分秒,臺南市安定區港南里市道178線北側 / 臺南市安定區港南里國道8號旁道路,1,普通重型-機車自用-小客車
107年3月12日 7時2分55秒,屏東縣崁頂鄉力社村南二高平面道路,1,普通重型-機車
107年3月12日 15時5分秒,屏東縣長治鄉振興路16-11號前.公尺,1,普通重型-機車
107年3月12日 16時25分秒,臺中市大雅區文雅里中清路三段前.公尺,1,營業用-大貨車腳踏自行車-慢車
107年3月12日 17時19分52秒,屏東縣萬丹鄉新庄村萬順路1段北側 / 屏東縣萬丹鄉新庄村萬新路,1,普通重型-機車
107年3月12日 18時45分秒,臺南市新化區東榮里中正路294號前.公尺東側,1,普通重型-機車其他人-人
107年3月13日 8時32分秒,苗栗縣頭屋鄉象山路、孔聖路口,1,普通重型-機車營業用-小貨車(含客、貨兩用)
107年3月13日 1時46分秒,南投縣名間鄉濁水村員集路東側 / 南投縣名間鄉濁水村車站路東側,1,普通重型-機車自用-小客車
107年3月14日 1時41分秒,高雄市鳳山區鳳南路口 / 高雄市鳳山區善志街口,1,普通重型-機車普通重型-機車
107年3月14日 15時25分14秒,高雄市旗津區旗津一路往過港隧道汽車道LB-23-5路燈處,1,自用-小客車自用-小客車自用-小客車
107年3月14日 16時39分24秒,臺南市新化區復興路北側 / 臺南市新化區外環道路,1,營業用-半聯結車普通重型-機車
107年3月15日 18時43分秒,新北市八里區龍米路1段3巷前.公尺,1,普通重型-機車乘客-人
107年3月15日 18時51分秒,新竹縣竹北市中正西路926巷口,1,自用-小客車普通重型-機車
107年3月15日 19時3分秒,雲林縣林內鄉國道3號 257公里5.公尺處北向內側,1,其他人-人自用-小貨車(含客、貨兩用)自用-小客車
107年3月16日 1時24分7秒,嘉義縣鹿草鄉重寮村中寮84之31號前,2,自用-小客車普通重型-機車乘客-人
107年3月16日 12時17分秒,嘉義縣水上鄉三鎮村台1線275.6公里處,2,普通重型-機車自用-小貨車(含客、貨兩用)乘客-人
107年3月16日 12時29分23秒,臺南市新營區國道1號 288公里南向交流道,1,營業用-半聯結車
107年3月17日 9時57分51秒,臺南市仁德區中正路3段189號前.公尺,1,普通重型-機車自用-大貨車
107年3月17日 18時51分27秒,新竹縣竹東鎮中豐路三段632號附近,1,普通重型-機車營業用-大貨車
107年3月17日 21時54分秒,彰化縣北斗鎮西安里中山路2段 / 彰化縣北斗鎮西安里中山路2段,1,自用-小客車行人-人
107年3月18日 6時42分56秒,屏東縣潮州鎮江山路西外環道,1,自用-小客車腳踏自行車-慢車乘客-人
107年3月18日 15時35分秒,彰化縣二林鎮廣興里溝頭巷前.公尺,1,自用-小客車行人-人行人-人行人-人自用-小貨車(含客、貨兩用)乘客-人
107年3月18日 15時37分24秒,南投縣中寮鄉縣139線 56公里9.公尺處東側向內側,1,大型重型2(25-55C.C.)-機車
107年3月19日 1時34分秒,嘉義縣民雄鄉西昌村竹仔腳1-5號對面,1,普通重型-機車
107年3月19日 8時3分34秒,屏東縣新園鄉仙吉村仙吉路段418號前.公尺,1,普通輕型-機車營業用-小貨車(含客、貨兩用)
107年3月19日 8時41分秒,新北市新莊區思源路 / 新北市新莊區幸福路,1,自用-小客車普通重型-機車普通重型-機車普通重型-機車
107年3月19日 9時5分秒,臺東縣臺東市民航路南側 / 臺東縣臺東市豐谷北路,1,自用-小客車普通重型-機車
107年3月19日 15時55分57秒,花蓮縣壽豐鄉豐山村中山路東側 / 花蓮縣壽豐鄉豐山村中山路,1,自用-小客車自用-小客車自用-小貨車(含客、貨兩用)自用-小客車自用-小客車乘客-人乘客-人乘客-人乘客-人乘客-人
107年3月2日 7時21分秒,屏東縣鹽埔鄉維新路19-33號前.公尺,1,普通重型-機車營業用-大貨車自用-小客車
107年3月2日 11時27分秒,高雄市三民區大豐一路口 / 高雄市三民區昌富街口,1,自用-小客車普通重型-機車
107年3月2日 17時46分秒,臺北市松山區健康路 / 臺北市松山區塔悠路,1,自用-小客車自用-小客車普通重型-機車普通重型-機車乘客-人普通重型-機車
107年3月2日 2時35分秒,臺中市霧峰區萬豐里中正路146巷前.公尺,1,自用-小貨車(含客、貨兩用)普通重型-機車
107年3月21日 16時2分秒,雲林縣麥寮鄉台17線 77公里南側向路肩,1,自用-小客車自用-小客車自用-小客車自用-小客車
107年3月22日 7時14分秒,新北市新莊區思源路 / 新北市新莊區頭前路,1,自用-小客車普通重型-機車
107年3月22日 1時45分11秒,雲林縣西螺鎮國道1號 229公里4.公尺處南側向中線,2,營業用-半聯結車自用-小客車自用-大貨車自用-半聯結車乘客-人乘客-人
107年3月22日 13時5分秒,高雄市大樹區村溪埔路171-15號前.公尺,1,自用-小貨車(含客、貨兩用)普通重型-機車
107年3月22日 14時分秒,新北市泰山區新五路1段119號前.公尺,1,普通重型-機車營業用-半聯結車自用-小客車
107年3月22日 14時47分秒,臺南市左鎮區榮和里菜寮1號前,1,普通重型-機車乘客-人
107年3月22日 17時21分秒,臺北市大同區台北橋前.公尺,1,大型重型2(25-55C.C.)-機車自用-小貨車(含客、貨兩用)計程車-小客車乘客-人
107年3月22日 18時2分秒,屏東縣麟洛鄉民生路與民族路口,1,普通重型-機車普通重型-機車
107年3月22日 18時51分秒,花蓮縣吉安鄉光華村光華六街口 / 花蓮縣吉安鄉光華村華城二街口,1,自用-小貨車(含客、貨兩用)普通重型-機車
107年3月23日 13時25分42秒,南投縣埔里鎮大城里大城路132號東側,1,自用-小貨車(含客、貨兩用)普通重型-機車
107年3月23日 15時27分15秒,桃園市桃園區復興路331號前.公尺北側,1,行人-人普通重型-機車自用-小客車計程車-小客車
107年3月23日 16時59分秒,新北市中和區中山路 / 新北市中和區中正路,1,營業用-大貨車普通重型-機車
107年3月24日 時8分秒,高雄市仁武區村八德一路133號前.公尺,1,普通重型-機車
107年3月24日 9時53分秒,花蓮縣壽豐鄉溪口村中正路,1,自用-小貨車(含客、貨兩用)行人-人
107年3月25日 5時分秒,屏東縣枋山鄉竹坑村,1,自用-小客車乘客-人乘客-人
107年3月25日 12時57分秒,臺北市北投區大度路3段 / 臺北市北投區大度路3段,1,租賃車-小客車普通重型-機車普通重型-機車乘客-人乘客-人
107年3月25日 16時6分58秒,嘉義縣新港鄉縣166線 26公里54.公尺處西側,1,普通重型-機車自用-小客車
107年3月26日 4時3分秒,雲林縣東勢鄉縣153線 6公里5.公尺處南側向內側,1,自用-小客車乘客-人
107年3月26日 13時2分秒,高雄市鳳山區村南華一路 / 高雄市鳳山區臨海路,1,營業用-曳引車普通重型-機車
107年3月26日 15時1分秒,屏東縣屏東市忠孝路舊航空站出口處,1,普通重型-機車自用-小客車
107年3月26日 15時3分41秒,屏東縣內埔鄉中正路永豐路,1,營業用-大貨車普通重型-機車
107年3月26日 17時5分秒,彰化縣秀水鄉鶴鳴村馬鳴路 / 彰化縣秀水鄉鶴鳴村馬鳴路,1,普通重型-機車自用-小客車
107年3月26日 18時14分秒,新北市萬里區舊臺二線道路前.公尺,1,自用-小客車普通重型-機車
107年3月26日 18時5分16秒,花蓮縣光復鄉大進街西側,1,自用-小貨車(含客、貨兩用)行人-人
107年3月27日 2時6分秒,屏東縣九如鄉耆老村九如路3段西側 / 屏東縣九如鄉耆老村三民路西側,1,普通重型-機車自用-小客車乘客-人
107年3月27日 8時15分1秒,臺南市歸仁區八甲里中正北路1段西側 / 臺南市歸仁區八甲里大德路西側,1,自用-大貨車普通輕型-機車
107年3月27日 14時分34秒,花蓮縣吉安鄉吉豐路西側 / 花蓮縣吉安鄉吉豐路口,1,普通重型-機車自用-小客車
107年3月28日 2時52分秒,臺北市中山區南京東路2段 / 臺北市中山區松江路,1,計程車-小客車普通重型-機車
107年3月28日 6時2分58秒,臺南市仁德區新田里義林南路口 / 臺南市仁德區新田里新田一街附近,1,營業用-曳引車腳踏自行車-慢車
107年3月28日 6時43分秒,高雄市大樹區村中正一路238-9號前.公尺,1,自用-小客車普通重型-機車
107年3月28日 11時25分秒,高雄市岡山區岡燕路 / 高雄市岡山區聖森路,1,營業用-大貨車普通重型-機車乘客-人
107年3月28日 16時1分秒,臺東縣東河鄉台11線 147公里7.公尺處南側向中內,1,自用-小客車自用-小貨車(含客、貨兩用)乘客-人乘客-人乘客-人乘客-人
107年3月28日 18時44分53秒,臺東縣關山鎮台9線 33公里1.公尺處,1,普通重型-機車自用-小貨車(含客、貨兩用)
107年3月29日 7時49分秒,彰化縣溪湖鎮湖東里員鹿路2段 / 彰化縣溪湖鎮湖東里東環路,1,營業用-曳引車腳踏自行車-慢車
107年3月29日 13時5分3秒,臺南市東山區縣165線 18公里6.公尺處東側向中線,1,自用-小客車自用-小貨車(含客、貨兩用)自用-小貨車(含客、貨兩用)
107年3月3日 1時3分秒,宜蘭縣南澳鄉台9線 129公里1.公尺處南側向外側,2,營業用-曳引車乘客-人
107年3月3日 5時2分秒,高雄市六龜區台二十七甲路5段柴頭溪橋號前.公尺前,1,自用-小客車
107年3月3日 1時分秒,屏東縣長治鄉下厝街口 / 屏東縣長治鄉中興路口,1,普通重型-機車自用-小客車乘客-人
107年3月3日 15時2分秒,高雄市小港區大業南路 / 高雄市小港區上林街,1,營業用-曳引車營業用-全聯結車
107年3月31日 2時55分秒,臺南市仁德區台86線 3公里3.公尺處西側向內側,1,大型重型1(55C.C.以上)-機車
107年3月31日 3時38分秒,臺中市北屯區和平里東山路一段38號前.公尺,1,普通重型-機車普通重型-機車
107年3月31日 13時39分秒,彰化縣田中鎮三安里員集路1段337號前.公尺前,1,自用-小客車乘客-人乘客-人
107年4月1日 1時3分49秒,南投縣埔里鎮北梅里西安路一段56號前15.公尺東側,1,普通重型-機車普通重型-機車
107年4月1日 16時1分秒,新竹縣新埔鎮照門里7鄰3-2號,1,自用-小客車遊覽車-大客車乘客-人乘客-人
107年4月1日 22時35分4秒,彰化縣埤頭鄉國道1號 218公里3.公尺處北側向外側,1,自用-大貨車自用-小客車營業用-半聯結車自用-小客車自用-小客車乘客-人乘客-人
107年4月2日 8時3分秒,新北市五股區疏洪一路前.公尺,1,自用-小客車普通重型-機車
107年4月2日 1時16分秒,高雄市阿蓮區中正路 / 高雄市阿蓮區和平路,1,營業用-半聯結車腳踏自行車-慢車
107年4月2日 12時3分秒,新北市中和區民樂路 / 新北市中和區新生街,1,普通重型-機車自用-小客車乘客-人
107年4月2日 15時37分34秒,桃園市大園區桃園國際機場航勤北路與華儲進口倉路口處前,1,營業用-大貨車普通重型-機車
107年4月2日 22時2分5秒,花蓮縣吉安鄉吉豐路三段,1,普通重型-機車電動輔助自行車-慢車
107年4月3日 4時24分秒,臺中市清水區海濱里港埠路四段前.公尺,1,自用-小客車營業用-半聯結車乘客-人
107年4月3日 8時3分5秒,花蓮縣新城鄉康樂村康樂路北側 / 花蓮縣新城鄉康樂村康樂三街口,1,自用-小貨車(含客、貨兩用)普通重型-機車自用-小客車
107年4月3日 11時41分1秒,宜蘭縣南澳鄉台9線 139公里4.公尺處北側,1,普通重型-機車營業用-曳引車
107年4月3日 16時48分秒,雲林縣西螺鎮河南里埔心路81號,1,腳踏自行車-慢車營業用-曳引車
107年4月3日 2時21分秒,南投縣名間鄉赤水村南田路259-8號北側,1,自用-小貨車(含客、貨兩用)行人-人
107年4月4日 1時22分秒,新北市汐止區大同路1段 / 新北市汐止區新台五路,1,營業用-大貨車普通重型-機車
107年4月4日 1時43分秒,新北市石門區台二線道路前.公尺,1,普通重型-機車普通重型-機車乘客-人
107年4月4日 13時29分秒,臺南市新營區開元路東側 / 臺南市新營區東山五路,1,自用-小客車普通重型-機車乘客-人
107年4月4日 13時3分5秒,宜蘭縣蘇澳鎮台2線166.7公里處(蘇港路北上車道),1,自用-小貨車(含客、貨兩用)
107年4月4日 14時3分秒,高雄市旗山區旗南二路8之3號前.公尺,1,普通重型-機車
107年4月4日 18時53分秒,屏東縣崁頂鄉中興路6之1號,1,普通重型-機車
107年4月5日 17時6分秒,新北市板橋區大仁街 / 新北市板橋區大仁街,1,普通重型-機車行人-人
107年4月5日 2時4分秒,基隆市信義區信一路13號前.公尺,1,行人-人自用-小客車
107年4月6日 12時36分秒,雲林縣崙背鄉豐榮村中佃厝產業道路路口,1,自用-小客車電動輔助自行車-慢車
107年4月7日 7時2分秒,高雄市林園區鳳林路3段123號前.公尺,1,普通重型-機車乘客-人
107年4月7日 7時48分秒,高雄市小港區宏平路前.公尺西側,1,普通重型-機車自用-小客車
107年4月7日 13時4分42秒,雲林縣水林鄉車港村雲165線車港27電桿旁,1,普通重型-機車
107年4月8日 6時25分秒,桃園市新屋區中山西路3段52號前.公尺,1,自用-小客車行人-人
107年4月9日 3時6分35秒,臺南市北區中華北路2段北側 / 臺南市北區育德二路,1,計程車-小客車行人-人
107年4月9日 17時4分53秒,臺南市永康區東灣里大灣東路南側 / 臺南市永康區東灣里大灣二街,1,普通重型-機車自用-小貨車(含客、貨兩用)
107年4月9日 21時18分秒,臺北市南港區研究院路2段 / 臺北市南港區大坑街,1,自用-小貨車(含客、貨兩用)普通重型-機車
107年4月1日 4時29分3秒,桃園市桃園區民生路南側 / 桃園市桃園區和平路,1,自用-小客車行人-人
107年4月1日 7時2分19秒,新竹縣竹東鎮雲南路24122號電桿旁,1,普通重型-機車
107年4月1日 14時分2秒,嘉義縣新港鄉中庄村產業道路(路燈號碼:7353號),1,自用-小貨車(含客、貨兩用)普通重型-機車
107年4月1日 14時2分秒,彰化縣秀水鄉埔崙村彰水路2段 / 彰化縣秀水鄉埔崙村民生街,1,普通重型-機車自用-大貨車
107年4月1日 19時14分秒,彰化縣彰化市國聖里金馬東路 / 彰化縣彰化市國聖里中山路3段,1,普通重型-機車拖車(架)-其他車
107年4月1日 22時2分秒,臺中市南區城煌里建成路前.公尺,1,自用-小客車行人-人
107年4月11日 1時26分12秒,新竹市東區寶山路植物園斜對面東向西,1,普通重型-機車乘客-人
107年4月11日 4時45分秒,臺南市永康區永大路2段西側 / 臺南市永康區永大路2段,1,自用-小客車普通重型-機車
107年4月11日 4時55分秒,高雄市內門區內埔路 / 高雄市內門區內埔路,1,行人-人自用-曳引車
107年4月11日 15時2分秒,苗栗縣通霄鎮通霄交流道南下閘道路口附近,1,營業用-半聯結車普通重型-機車
107年4月11日 17時56分秒,臺南市安南區環館北路路燈桿68493號前.公尺,1,普通重型-機車營業用-大貨車
107年4月12日 7時43分秒,嘉義縣溪口鄉溪北村民權街西側 / 嘉義縣溪口鄉溪北村信義街北側,1,普通重型-機車普通重型-機車乘客-人
107年4月12日 9時17分12秒,屏東縣萬丹鄉香社村中興路一段611-3號,1,普通重型-機車
107年4月12日 14時45分秒,臺南市安定區蘇厝里里內道路口(313-5號前),1,普通重型-機車自用-小貨車(含客、貨兩用)
107年4月12日 17時21分38秒,花蓮縣吉安鄉知卡宣大道3段口 / 花蓮縣吉安鄉廣賢路2段口,1,普通輕型-機車自用-小貨車(含客、貨兩用)
107年4月13日 4時22分秒,彰化縣伸港鄉新港村美港公路 / 彰化縣伸港鄉新港村中興路,1,行人-人營業用-半聯結車
107年4月13日 12時44分秒,南投縣埔里鎮中正路12-2號前.公尺東側,1,普通輕型-機車
107年4月13日 18時55分秒,嘉義縣中埔鄉隆興村嘉134-1線.3公里處,1,自用-小貨車(含客、貨兩用)
107年4月13日 22時19分秒,彰化縣彰化市國道1號 194公里北側向外側,1,自用-小客車乘客-人
107年4月14日 時56分5秒,南投縣草屯鎮新庄里博愛路1267號對面,1,普通重型-機車
107年4月14日 16時38分28秒,嘉義縣阿里山鄉樂野村台18線64公里4公尺處,1,自用-小客車乘客-人乘客-人乘客-人乘客-人乘客-人乘客-人
107年4月14日 23時52分15秒,臺南市麻豆區寮廍里市道171線口 / 臺南市麻豆區寮廍里市道171甲線,1,自用-小貨車(含客、貨兩用)普通重型-機車自用-小客車
107年4月15日 8時55分12秒,南投縣南投市育樂路97號西側,1,普通重型-機車自用-小客車
107年4月15日 9時15分秒,金門縣烈嶼鄉九井路前.公尺,1,自用-小貨車(含客、貨兩用)普通重型-機車
107年4月15日 13時52分秒,屏東縣九如鄉九如路一段與機場外環道路口,1,自用-小客車普通重型-機車
107年4月15日 19時1分秒,嘉義市東區後庄里林森東路691弄前.公尺,1,腳踏自行車-慢車計程車-小客車
107年4月15日 2時31分秒,新北市三芝區臺2線道路前.公尺,1,普通重型-機車
107年4月16日 8時17分秒,彰化縣田中鎮香山里山腳路2段 / 彰化縣田中鎮香山里山腳路2段,1,自用-小客車行人-人
107年4月16日 1時分秒,臺北市萬華區西園路1段 / 臺北市萬華區和平西路3段,1,自用-小客車行人-人
107年4月16日 12時5分秒,新北市三峽區國道3號 51公里6.公尺處北側向路肩,1,自用-小貨車(含客、貨兩用)乘客-人乘客-人
107年4月16日 14時3分19秒,桃園市蘆竹區長興路東側 / 桃園市蘆竹區內新路,1,普通重型-機車自用-大貨車
107年4月16日 16時39分秒,屏東縣鹽埔鄉鹽南村建設街12-13號前.公尺,1,自用-小貨車(含客、貨兩用)腳踏自行車-慢車
107年4月16日 17時46分13秒,桃園市大溪區仁和路2段548巷248號前.公尺東側,1,自用-小客車普通重型-機車
107年4月16日 19時5分秒,彰化縣芬園鄉茄荖村光華路 / 彰化縣芬園鄉茄荖村嘉東街,1,自用-小客車行人-人自用-小客車
107年4月17日 6時4分秒,臺南市將軍區忠興里興洲高幹55右1電線桿旁路口,1,普通重型-機車自用-小貨車(含客、貨兩用)
107年4月17日 16時49分秒,嘉義縣水上鄉粗溪村中山路二段42號,1,普通重型-機車普通重型-機車
107年4月18日 7時13分59秒,屏東縣新園鄉五房路898巷1-3號,1,普通重型-機車普通重型-機車
107年4月18日 7時16分9秒,雲林縣斗六市科加二路西側 / 雲林縣斗六市科加路,1,普通重型-機車自用-小客車
107年4月18日 21時42分秒,新竹縣竹北市長青路一段193號,1,自用-小客車
107年4月19日 9時13分秒,嘉義縣六腳鄉正義村台19線與嘉11線路口,1,腳踏自行車-慢車自用-小客車乘客-人
107年4月19日 9時2分秒,臺東縣達仁鄉台9線 446公里3.公尺處南側向內側,1,自用-小貨車(含客、貨兩用)普通重型-機車租賃車-小客車乘客-人乘客-人乘客-人
107年4月19日 11時23分秒,臺北市北投區復興三路 / 臺北市北投區復興四路,1,自用-小客車自用-小客車自用-小客車
107年4月2日 時36分秒,彰化縣田尾鄉海豐村中正路3段 / 彰化縣田尾鄉海豐村新生路,2,自用-小貨車(含客、貨兩用)乘客-人
107年4月2日 6時19分秒,臺南市安平區永華路2段口 / 臺南市安平區光州路口,1,自用-小客車普通重型-機車
107年4月2日 7時8分秒,嘉義市西區福安里高鐵大道 / 嘉義市西區福安里中興路,1,遊覽車-大客車普通重型-機車
107年4月2日 7時45分秒,新北市中和區中正路 / 新北市中和區和城路,1,計程車-小客車大型重型1(55C.C.以上)-機車
107年4月2日 8時38分9秒,屏東縣崁頂鄉中正路1-1號前.公尺,1,普通重型-機車腳踏自行車-慢車
107年4月2日 16時51分秒,新北市新莊區光明路前.公尺,1,普通重型-機車
107年4月21日 1時4分秒,新北市林口區文化二路 / 新北市林口區中華一路,1,腳踏自行車-慢車自用-小客車
107年4月21日 11時分秒,屏東縣枋山鄉台一線448.3公里處南向(品味軒休息站前),1,自用-小貨車(含客、貨兩用)大型重型1(55C.C.以上)-機車
107年4月21日 2時24分秒,臺中市大肚區社腳里沙田路二段2巷前.公尺,1,自用-小客車大型重型1(55C.C.以上)-機車
107年4月22日 4時5分秒,桃園市新屋區下田里中山西路二段915號對面,1,普通重型-機車營業用-大貨車
107年4月22日 7時37分秒,高雄市杉林區山仙路124燈號前.公尺南側,1,自用-小客車普通重型-機車
107年4月22日 19時3分秒,雲林縣麥寮鄉後安村後安路21之146號前.公尺,1,電動自行車-慢車自用-小客車
107年4月22日 19時2分秒,臺東縣卑南鄉太平村太平路377號前.公尺,1,自用-小貨車(含客、貨兩用)行人-人
107年4月23日 時3分4秒,新竹縣北埔鄉台3線 78.5公里向外側,1,普通重型-機車
107年4月23日 4時37分23秒,臺南市麻豆區國道1號 38公里1.公尺處南側向路肩,3,營業用-大貨車自用-大貨車警備車-特種車其他人-人其他人-人其他人-人
107年4月23日 5時5分秒,高雄市鼓山區翠華路 / 高雄市鼓山區逢甲路,1,自用-小客車普通重型-機車
107年4月23日 7時2分秒,屏東縣林邊鄉成功路4巷與林邊大排一號橋路口,1,自用-小貨車(含客、貨兩用)普通重型-機車
107年4月23日 8時5分秒,臺北市萬華區環河南路2段 / 臺北市萬華區環河南路2段,1,自用-小客車行人-人
107年4月23日 14時3分32秒,桃園市八德區大發里和平路北側 / 桃園市八德區大發里和成路,1,營業用-大貨車腳踏自行車-慢車
107年4月23日 14時5分1秒,臺南市新化區國道3號 349公里5.公尺處南側向中線,1,自用-大貨車其他人-人
107年4月23日 16時8分秒,屏東縣滿州鄉食水路段,1,遊覽車-大客車電動自行車-慢車
107年4月23日 16時1分秒,桃園市蘆竹區六福路西側 / 桃園市蘆竹區五福一路,1,營業用-曳引車普通輕型-機車
107年4月23日 17時4分秒,臺南市六甲區王爺里市道174線前.公尺,1,自用-半聯結車
107年4月24日 時34分秒,嘉義縣民雄鄉興南村工業一路東側 / 嘉義縣民雄鄉興南村工業五路南側,1,營業用-曳引車普通重型-機車
107年4月24日 1時34分秒,彰化縣竹塘鄉竹元村竹鹿路前.公尺,1,自用-小客車普通重型-機車
107年4月24日 14時7分秒,宜蘭縣五結鄉大興路北側 / 宜蘭縣五結鄉大興路,1,自用-小貨車(含客、貨兩用)普通重型-機車
107年4月24日 19時57分秒,桃園市蘆竹區南崁路2段南側 / 桃園市蘆竹區南工路,1,民營公車-大客車行人-人
107年4月25日 7時22分秒,高雄市鳥松區美山路口 / 高雄市鳥松區美山路口,1,普通重型-機車普通重型-機車
107年4月25日 18時36分9秒,宜蘭縣五結鄉五結路3段61號前.公尺北側,1,自用-小客車行人-人
107年4月26日 2時2分51秒,臺北市內湖區國道1號 18公里3.公尺處南側向外側,1,自用-小客車自用-小貨車(含客、貨兩用)計程車-小客車
107年4月26日 5時42分秒,屏東縣屏東市前進里建國路西側 / 屏東縣屏東市前進里建國路西側,1,普通重型-機車自用-小貨車(含客、貨兩用)
107年4月26日 8時11分秒,嘉義縣太保市春珠里台37線13公里7公尺處,1,腳踏自行車-慢車自用-小客車
107年4月26日 8時51分秒,桃園市桃園區三民路二段與自強路口(M174752青溪所),1,自用-小貨車(含客、貨兩用)普通重型-機車
107年4月26日 19時23分秒,桃園市中壢區新中北路51號前.公尺北側,1,租賃車-小客車普通重型-機車
107年4月27日 18時43分秒,臺東縣卑南鄉和平路252巷電桿民生137歧13X11旁,1,普通重型-機車自用-小貨車(含客、貨兩用)
107年4月27日 21時28分秒,新北市三重區重陽橋機車道路前.公尺,1,普通重型-機車普通重型-機車乘客-人乘客-人
107年4月28日 8時25分秒,新北市板橋區民生路1段 / 新北市板橋區正隆巷道路,1,普通重型-機車普通重型-機車
107年4月28日 12時45分秒,南投縣水里鄉農富村縣131線與大灣路88巷口,1,普通重型-機車
107年4月28日 13時19分秒,高雄市阿蓮區產業道路 / 高雄市阿蓮區產業道路,1,自用-小貨車(含客、貨兩用)普通重型-機車
107年4月28日 15時42分2秒,新竹縣湖口鄉榮光路323號前.公尺,1,普通重型-機車營業用-曳引車
107年4月29日 3時38分秒,臺中市潭子區聚興里環中東路一段588號前.公尺,1,普通重型-機車
107年4月3日 7時2分33秒,苗栗縣頭份市中正二路與中正二路131巷口,1,普通重型-機車普通重型-機車
107年4月3日 8時1分13秒,臺南市西港區營西里後營南45-1公路金砂高幹56電線桿前,1,普通重型-機車普通重型-機車
107年4月3日 21時29分54秒,新竹市東區中華路一段273號,1,普通重型-機車行人-人普通重型-機車
107年5月1日 時34分秒,臺南市永康區塩洲里中正南路467號北側,1,自用-小客車行人-人
107年5月1日 8時9分秒,臺中市北屯區仁美里崇德路前.公尺,1,自用-大貨車腳踏自行車-慢車
107年5月2日 6時3分秒,新北市三重區中正北路 / 新北市三重區中正北路,1,腳踏自行車-慢車計程車-小客車
107年5月2日 7時32分秒,臺北市士林區仰德大道1段前.公尺,1,普通重型-機車
107年5月2日 1時4分57秒,宜蘭縣員山鄉員山路3段331號東側,1,大型重型1(55C.C.以上)-機車自用-大貨車
107年5月2日 18時4分秒,臺中市北屯區大坑里東山路二段96之8號前.公尺,1,自用-小客車行人-人
107年5月3日 11時42分秒,彰化縣大村鄉村上村中山路2段144號前.公尺,1,電動自行車-慢車營業用-曳引車
107年5月3日 16時51分秒,新北市板橋區華東街 / 新北市板橋區南雅南路2段,1,普通重型-機車行人-人
107年5月3日 17時分秒,臺北市北投區大度路1段 / 臺北市北投區中央北路2段,1,自用-小貨車(含客、貨兩用)普通重型-機車
107年5月4日 1時6分秒,南投縣名間鄉大庄村新大巷投赤水幹114分15電桿前,1,普通重型-機車
107年5月4日 2時9分秒,彰化縣和美鎮仁愛里鹿和路6段 / 彰化縣和美鎮仁愛里和順路,1,普通重型-機車自用-小貨車(含客、貨兩用)
107年5月4日 17時57分秒,臺南市中西區永福路1段119號前.公尺,1,普通重型-機車普通重型-機車
107年5月5日 1時5分42秒,桃園市大溪區武嶺橋上P2處往桃園方向(O17531內柵所),1,普通重型-機車普通重型-機車
107年5月5日 1時分秒,臺中市和平區博愛里東關路二段前.公尺,1,自用-小貨車(含客、貨兩用)大型重型1(55C.C.以上)-機車
107年5月5日 23時3分秒,高雄市鳳山區南京路 / 高雄市鳳山區新富路,1,自用-小貨車(含客、貨兩用)自用-小貨車(含客、貨兩用)乘客-人
107年5月6日 19時13分秒,彰化縣芬園鄉茄荖村光華路 / 彰化縣芬園鄉茄荖村光華路,1,自用-小客車普通重型-機車
107年5月7日 1時4分秒,新北市淡水區中山北路 / 新北市淡水區新市二路,1,普通重型-機車自用-小貨車(含客、貨兩用)乘客-人
107年5月7日 11時5分秒,桃園市龜山區大湖路北側 / 桃園市龜山區大湖一路,1,營業用-大貨車普通重型-機車
107年5月7日 13時3分秒,花蓮縣新城鄉大漢村民有街2號前15.公尺東側,1,普通重型-機車
107年5月7日 14時47分秒,新北市瑞芳區臺2線道路前.公尺,1,自用-小客車自用-小客車
107年5月8日 時38分秒,新北市新店區安康路2段 / 新北市新店區安康路,1,普通輕型-機車普通重型-機車乘客-人
107年5月8日 1時5分48秒,臺中市沙鹿區國道3號 181公里3.公尺處南側向外側,1,自用-小客車營業用-半聯結車自用-小貨車(含客、貨兩用)
107年5月8日 4時59分21秒,桃園市桃園區南門里漢中路118號前.公尺,1,自用-小貨車(含客、貨兩用)行人-人普通重型-機車
107年5月8日 5時26分秒,新北市板橋區漢生東路 / 新北市板橋區漢生東路,1,行人-人自用-小客車
107年5月8日 5時26分秒,臺北市中正區泉州街32號前.公尺,1,自用-小貨車(含客、貨兩用)腳踏自行車-慢車
107年5月8日 6時2分秒,臺南市南區永成路二段627-3號對面,1,普通重型-機車
107年5月8日 14時2分秒,澎湖縣湖西鄉澎12號道2.4公里處,1,普通重型-機車自用-小貨車(含客、貨兩用)
107年5月8日 18時27分秒,新竹縣湖口鄉德興路138號前.公尺,1,普通重型-機車普通重型-機車
107年5月9日 6時25分秒,高雄市林園區村漁港路 / 高雄市林園區力行路,1,普通重型-機車自用-小貨車(含客、貨兩用)
107年5月9日 8時42分33秒,宜蘭縣大同鄉台7甲線 22公里6.公尺處,1,普通重型-機車營業用-全聯結車
107年5月9日 14時15分秒,臺中市西屯區西安里逄甲路262號前.公尺,1,自用-小客車行人-人
107年5月9日 19時36分秒,臺中市梧棲區南簡里大智路一段983號前.公尺,1,行人-人普通重型-機車
107年5月1日 時13分26秒,桃園市龜山區國道1號 42公里8.公尺處北側向外側,1,自用-小貨車(含客、貨兩用)營業用-半聯結車
107年5月1日 1時15分秒,彰化縣二林鎮後厝里斗苑路3段 / 彰化縣二林鎮後厝里斗苑路3段,1,普通重型-機車
107年5月1日 7時33分4秒,宜蘭縣宜蘭市光復路8號前.公尺附近,1,普通重型-機車
107年5月11日 8時44分23秒,新竹縣竹東鎮北興路1段485號前.公尺南側,1,自用-大貨車普通重型-機車
107年5月11日 11時36分35秒,嘉義縣新港鄉潭大村潭子墘25-3號,1,自用-小貨車(含客、貨兩用)普通重型-機車
107年5月12日 8時16分秒,嘉義縣大埔鄉台3線 343公里721.公尺處北側向路肩,1,大型重型1(55C.C.以上)-機車
107年5月12日 11時2分秒,高雄市大寮區光明路3段 / 高雄市大寮區光明路3段,1,自用-小客車普通重型-機車
107年5月12日 23時5分秒,臺南市南化區台2線 42公里4.公尺處東側向路肩,2,普通重型-機車乘客-人
107年5月13日 1時1分秒,新竹縣新豐鄉中崙村1鄰中崙路17-1號前.公尺北側,1,普通重型-機車
107年5月13日 21時9分秒,臺北市大安區前,1,自用-小客車行人-人
107年5月13日 21時19分秒,桃園市中壢區仁美里榮民南路東側 / 桃園市中壢區仁美里普忠路口,1,行人-人自用-小客車
107年5月14日 6時35分秒,臺中市西區民龍里臺灣大道二段22號前.公尺,1,普通重型-機車
107年5月14日 1時4分4秒,臺南市新營區國道1號 294公里7.公尺處北側向外側,1,普通重型-機車
107年5月14日 13時14分38秒,雲林縣水林鄉車港村產業道路交叉路口,1,自用-小客車普通重型-機車
107年5月15日 7時45分28秒,花蓮縣光復鄉東富路8-3號前.公尺北側,1,普通重型-機車
107年5月15日 11時18分秒,屏東縣恆春鎮西門路與西門路19巷口,1,普通重型-機車自用-小貨車(含客、貨兩用)
107年5月15日 12時3分秒,新竹市北區經國路口 / 新竹市北區鐵道路,1,自用-小客車普通重型-機車
107年5月15日 13時分秒,新北市板橋區縣民大道3段 / 新北市板橋區民生路,1,普通重型-機車自用-小客車乘客-人
107年5月15日 14時42分44秒,桃園市龜山區長壽路口 / 桃園市龜山區長壽路口,1,自用-小客車普通重型-機車普通重型-機車自用-小客車
107年5月15日 14時43分秒,雲林縣土庫鎮順天里光復路口 / 雲林縣土庫鎮順天里文化路口,1,自用-小客車普通重型-機車
107年5月15日 15時5分秒,臺南市學甲區慈福里濟生路2巷8號旁嘉南大圳學甲分線,1,普通重型-機車
107年5月15日 19時37分秒,雲林縣虎尾鎮惠來里台1線291823燈桿前,1,行人-人自用-小客車
107年5月15日 21時36分秒,臺北市文山區木柵路1段 / 臺北市文山區木柵路1段,1,租賃車-小客車普通重型-機車
107年5月16日 時分秒,臺中市外埔區大東里甲后路五段89號前.公尺,1,自用-小客車普通重型-機車乘客-人
107年5月16日 15時57分1秒,臺南市佳里區六安里延平路口 / 臺南市佳里區六安里忠孝路口,1,普通重型-機車自用-小貨車(含客、貨兩用)
107年5月16日 18時3分秒,臺北市士林區忠誠路2段 / 臺北市士林區天母東路,1,普通重型-機車普通重型-機車
107年5月16日 21時37分秒,雲林縣口湖鄉下崙村中興路(7736號電桿旁),1,普通重型-機車
107年5月17日 16時5分秒,高雄市湖內區鐵道巷路 / 高雄市湖內區民族街,1,租賃車-小客車自用-小貨車(含客、貨兩用)普通重型-機車
107年5月17日 17時48分秒,雲林縣西螺鎮新吉街,1,拼裝車-其他車行人-人
107年5月17日 22時24分秒,屏東縣里港鄉載興路南側 / 屏東縣里港鄉載南路,1,自用-小客車普通重型-機車乘客-人乘客-人乘客-人
107年5月18日 9時11分2秒,桃園市平鎮區中興路九龍段與東龍街口,1,行人-人自用-小客車
107年5月18日 14時分秒,嘉義市東區芳草里興業東路 / 嘉義市東區芳草里宣信街,1,自用-小客車普通輕型-機車
107年5月19日 14時分1秒,臺南市仁德區上崙里臺86往西便道與德崙路口(引道),1,營業用-半聯結車普通重型-機車乘客-人
107年5月19日 14時2分秒,南投縣南投市南崗一路西側 / 南投縣南投市集賢路,1,普通重型-機車大型重型1(55C.C.以上)-機車乘客-人
107年5月19日 19時55分秒,屏東縣屏東市台糖三街近台糖街口,1,行人-人自用-小客車
107年5月19日 23時59分秒,桃園市新屋區長祥路與圳禾路口,1,自用-小客車普通重型-機車
107年5月19日 23時59分47秒,新竹市北區中正路293號北側,1,普通重型-機車自用-小客車
107年5月2日 6時53分秒,臺南市安南區台江大道2段東側 / 臺南市安南區北安路3段,1,自用-小客車普通重型-機車
107年5月2日 16時35分秒,南投縣南投市八卦路1158之1號北側,1,自用-小客車普通重型-機車自用-小貨車(含客、貨兩用)
107年5月2日 17時5分秒,臺南市學甲區宅港里台19線宅港橋北向,1,普通重型-機車
107年5月2日 2時5分秒,高雄市小港區小港路 / 高雄市小港區大業北路,1,自用-小貨車(含客、貨兩用)普通重型-機車
107年5月2日 22時4分秒,雲林縣臺西鄉溪頂村溪頂路172號前.公尺,1,普通重型-機車
107年5月21日 8時5分秒,屏東縣東港鎮興農路1-2號,1,普通重型-機車
107年5月21日 16時31分秒,彰化縣福興鄉福興村柳橋路7段前.公尺,1,營業用-半聯結車自用-小客車自用-大貨車營業用-半聯結車乘客-人乘客-人乘客-人
107年5月22日 1時3分秒,臺北市松山區南京東路4段56號前.公尺,2,自用-小客車乘客-人普通重型-機車其他人-人其他人-人
107年5月22日 1時25分秒,苗栗縣銅鑼鄉縣119線 21公里南側向外側,1,自用-小貨車(含客、貨兩用)
107年5月22日 14時3分秒,南投縣國姓鄉柑林村清德巷3號旁溪底,1,農耕用車(或機械)-其他車
107年5月22日 22時45分秒,臺中市烏日區榮泉里三榮十六路187號前.公尺,1,自用-小客車普通重型-機車
107年5月23日 3時55分3秒,新竹縣新豐鄉新和路128號前.公尺,1,自用-小客車行人-人
107年5月23日 9時分秒,臺南市南化區南化里139號前,1,行人-人自用-小貨車(含客、貨兩用)
107年5月23日 1時13分秒,臺南市東區中華東路2段226巷27弄7號前.公尺西側,1,自用-小客車普通輕型-機車
107年5月23日 21時59分秒,苗栗縣頭份市自強路與信東路口,1,自用-小客車乘客-人
107年5月24日 3時41分38秒,臺南市善化區國道3號 345公里8.公尺處南側向外側,1,營業用-大貨車營業用-全聯結車其他人-人營業用-半聯結車營業用-大貨車
107年5月24日 7時4分4秒,桃園市八德區福興里仁德路東側 / 桃園市八德區長興一路,1,腳踏自行車-慢車普通重型-機車
107年5月25日 14時34分秒,彰化縣芳苑鄉三成村上城路1-3號前.公尺,1,自用-大貨車腳踏自行車-慢車
107年5月25日 16時39分秒,臺南市白河區詔豐里頂山腳7號前,1,自用-小貨車(含客、貨兩用)行人-人
107年5月25日 21時12分秒,高雄市鳳山區澄清路 / 高雄市鳳山區自由路,1,普通重型-機車普通重型-機車
107年5月25日 22時57分秒,彰化縣和美鎮竹園里線東路7段79號前.公尺前,1,普通重型-機車自用-小客車
107年5月26日 7時9分秒,新北市石碇區北宜公路前.公尺,1,普通重型-機車營業用-大貨車
107年5月26日 7時2分秒,新北市三峽區介壽路1段498號前.公尺,1,行人-人自用-小客車
107年5月27日 6時23分45秒,苗栗縣苑裡鎮玉豐一路與玉豐十路路口,1,自用-小客車普通重型-機車其他人-人
107年5月27日 11時4分31秒,桃園市龜山區忠義路3段17-1號前.公尺附近,1,自用-小貨車(含客、貨兩用)行人-人
107年5月27日 19時19分秒,臺南市學甲區台84線 1公里9.公尺處向內側,1,大型重型1(55C.C.以上)-機車自用-小客車
107年5月27日 19時29分秒,屏東縣潮州鎮光春路342之1號,1,普通重型-機車自用-小客車
107年5月27日 2時57分秒,彰化縣二水鄉上豊村山腳路2段 / 彰化縣二水鄉上豊村山腳路2段,1,普通重型-機車營業用-大貨車
107年5月27日 22時2分秒,臺中市清水區東山里神清路2-161號前.公尺,1,普通重型-機車
107年5月28日 18時22分秒,新竹縣竹東鎮南清公路前32.7公尺附近,1,普通重型-機車
107年5月28日 18時54分秒,花蓮縣玉里鎮忠勇路東側 / 花蓮縣玉里鎮興國路南側,1,普通重型-機車營業用-曳引車
107年5月29日 1時3分秒,屏東縣屏東市高屏大橋,1,普通重型-機車乘客-人
107年5月29日 6時17分46秒,桃園市大溪區復興路1段口 / 桃園市大溪區復興路1段口,1,普通重型-機車自用-小客車
107年5月29日 7時分秒,雲林縣北港鎮草湖里西湖產業道路與產業道路口,1,自用-小貨車(含客、貨兩用)行人-人
107年5月29日 7時56分32秒,雲林縣四湖鄉溪底村16線道12.5公里處,1,自用-小客車腳踏自行車-慢車
107年5月29日 17時33分3秒,雲林縣西螺鎮埤頭里台1線南下車道路燈252898號,1,自用-小貨車(含客、貨兩用)行人-人
107年5月3日 14時2分秒,嘉義縣中埔鄉裕民村24號前 產業道路,1,普通重型-機車自用-大貨車
107年5月3日 16時分秒,屏東縣枋寮鄉隆山村隆山路471號東側,1,普通重型-機車
107年5月31日 3時8分秒,桃園市桃園區永安路南側 / 桃園市桃園區永康街,1,行人-人自用-小客車
107年5月31日 4時15分秒,高雄市小港區沿海三路燈799號前.公尺,1,普通重型-機車
107年5月31日 15時5分秒,雲林縣西螺鎮吳厝里111之5號前,1,普通重型-機車
107年5月31日 17時9分秒,新竹市東區研新三路與興業二路口,1,營業用-大貨車普通重型-機車
107年6月1日 7時2分17秒,嘉義縣溪口鄉美北村157線崙尾路口,1,普通重型-機車自用-小貨車(含客、貨兩用)
107年6月1日 7時21分秒,新北市樹林區大安路 / 新北市樹林區俊英街,1,自用-小貨車(含客、貨兩用)普通重型-機車
107年6月1日 15時45分秒,嘉義縣太保市新埤里台18線3公里2公尺處,1,普通重型-機車
107年6月1日 16時18分秒,桃園市桃園區正光二街北側 / 桃園市桃園區文中一路,1,自用-小客車普通重型-機車
107年6月1日 16時5分2秒,高雄市田寮區國道3號 375公里7.公尺處南側向中線,1,自用-小客車自用-小貨車(含客、貨兩用)自用-大貨車
107年6月1日 21時52分秒,彰化縣永靖鄉永南村西門路 / 彰化縣永靖鄉永南村永久路,1,普通重型-機車自用-小客車乘客-人
107年6月3日 時42分秒,基隆市仁愛區南榮路53-2號對面,1,行人-人自用-小客車
107年6月3日 12時分37秒,桃園市蘆竹區海山路2段東側 / 桃園市蘆竹區海湖東路,1,自用-小客車普通重型-機車計程車-小客車
107年6月3日 18時分秒,新北市三芝區田心子(北11縣道)7-1號前.公尺,1,自用-小客車行人-人
107年6月3日 19時6分秒,臺南市麻豆區謝厝寮里謝厝寮219號前.公尺,1,普通重型-機車自用-小貨車(含客、貨兩用)
107年6月3日 2時4分39秒,臺東縣海端鄉台2線 27公里5.公尺處附近,1,自用-小貨車(含客、貨兩用)
107年6月3日 22時48分秒,基隆市暖暖區八堵路142號前.公尺,1,普通重型-機車自用-小客車計程車-小客車普通重型-機車
107年6月4日 13時21分48秒,桃園市龍潭區國道3號 65公里1.公尺處南側,1,自用-大貨車乘客-人
107年6月4日 14時4分23秒,花蓮縣壽豐鄉平和村中華路2段42號前.公尺,1,自用-小客車
107年6月5日 9時45分秒,彰化縣鹿港鎮頭南里頂草路3段 / 彰化縣鹿港鎮頭南里南勢巷,1,營業用-大貨車普通重型-機車
107年6月5日 2時1分秒,臺南市安南區海尾路南側 / 臺南市安南區海環街南側,1,腳踏自行車-慢車自用-小客車
107年6月6日 8時51分秒,彰化縣大城鄉菜寮村過溝巷前.公尺,1,普通重型-機車自用-小貨車(含客、貨兩用)
107年6月6日 9時57分秒,彰化縣和美鎮湖內里彰新路6段657號前.公尺前,1,行人-人營業用-半聯結車
107年6月6日 22時2分47秒,苗栗縣大湖鄉靜湖村下街23之3號前.公尺南側,1,自用-小客車乘客-人乘客-人乘客-人營業用-小貨車(含客、貨兩用)自用-小貨車(含客、貨兩用)自用-大貨車
107年6月7日 3時16分秒,桃園市龜山區忠義路二段上(下湖營區前)s17659坪頂所,1,自用-小貨車(含客、貨兩用)行人-人普通重型-機車普通重型-機車
107年6月7日 4時58分秒,屏東縣屏東市厚生里建民路、自由路西段,1,自用-小客車普通重型-機車普通重型-機車普通重型-機車乘客-人乘客-人
107年6月7日 5時56分41秒,宜蘭縣頭城鎮宜3路2段34號前.公尺附近,1,普通重型-機車自用-小貨車(含客、貨兩用)
107年6月7日 8時29分秒,臺中市神岡區岸裡里大洲路311號前.公尺,1,營業用-大貨車自用-小客車
107年6月7日 8時42分秒,屏東縣九如鄉信義街東側 / 屏東縣九如鄉九如路2段,1,自用-小客車行人-人
107年6月7日 8時47分41秒,花蓮縣花蓮市德安二街口 / 花蓮縣花蓮市德安四街口,1,計程車-小客車普通輕型-機車
107年6月7日 14時15分秒,新北市三峽區成福路25號前.公尺,1,大型重型1(55C.C.以上)-機車營業用-曳引車
107年6月7日 15時44分秒,臺中市豐原區西勢里中山路前.公尺,1,普通重型-機車自用-小客車
107年6月8日 9時45分秒,臺北市士林區中山北路6段 / 臺北市士林區福國路,1,普通重型-機車普通重型-機車
107年6月8日 1時2分35秒,桃園市觀音區新坡里中山路2段235號前1.公尺附近,1,自用-小貨車(含客、貨兩用)
107年6月8日 11時54分24秒,花蓮縣吉安鄉光華三街口 / 花蓮縣吉安鄉華城九街,1,普通重型-機車普通重型-機車乘客-人
107年6月8日 12時1分秒,屏東縣屏東市大連路屏東基督教醫院前,1,普通重型-機車普通重型-機車
107年6月9日 時4分21秒,南投縣竹山鎮延平里集山路3段與東鄉路口,1,普通重型-機車
107年6月9日 3時4分秒,屏東縣萬丹鄉萬全村成功街2段29號前.公尺附近,1,普通重型-機車自用-小客車
107年6月9日 6時1分秒,苗栗縣後龍鎮國道3號 126公里3.公尺處北側向外側,1,營業用-大貨車營業用-半聯結車乘客-人
107年6月9日 11時52分秒,基隆市信義區信一路 / 基隆市信義區義六路,1,行人-人普通重型-機車
107年6月9日 19時59分秒,高雄市內門區內門路石坑145燈號前.公尺西側,2,普通重型-機車乘客-人
107年6月1日 7時4分2秒,桃園市楊梅區楊新路2段719號,1,自用-小客車行人-人
107年6月1日 11時35分秒,臺南市善化區溪美里里內道路與南122線路口,1,普通重型-機車普通重型-機車
107年6月1日 11時45分16秒,苗栗縣後龍鎮海寶里台61線北上慢車道95.4公里附近,1,普通重型-機車
107年6月11日 時45分1秒,嘉義縣鹿草鄉國道1號 275公里南側向內側,1,自用-小客車自用-小貨車(含客、貨兩用)乘客-人
107年6月11日 7時51分秒,臺中市烏日區國道3號 26公里2.公尺處北側向外側,1,自用-小貨車(含客、貨兩用)自用-大貨車自用-小客車計程車-小客車自用-小客車
107年6月11日 14時分3秒,臺南市白河區河東里糞萁湖122-35號,1,自用-小貨車(含客、貨兩用)普通重型-機車自用-小貨車(含客、貨兩用)
107年6月11日 21時4分秒,臺中市新社區中興里興中街前.公尺,1,自用-小客車行人-人其他人-人
107年6月11日 22時11分59秒,南投縣草屯鎮國道3號 222公里5.公尺處北側向中內,1,行人-人自用-小客車乘客-人
107年6月12日 7時5分秒,桃園市大園區國際路一段與圳頭里1、2、3鄰路口,1,營業用-大貨車普通重型-機車
107年6月12日 8時45分58秒,臺南市安定區嘉同里市178線,1,普通重型-機車自用-小客車
107年6月13日 17時37分秒,臺中市大肚區福山里王福街116號前.公尺,1,普通輕型-機車
107年6月14日 1時55分秒,臺南市楠西區台3線 367公里7.公尺處北側向內側,1,普通重型-機車自用-小貨車(含客、貨兩用)
107年6月14日 11時25分秒,宜蘭縣宜蘭市民族路232號前.公尺西側,1,自用-小客車普通重型-機車普通重型-機車
107年6月14日 11時25分秒,桃園市大園區桃園國際機場航勤北路與華儲出口倉前路口,1,租賃車-小客車營業用-小貨車(含客、貨兩用)普通重型-機車
107年6月14日 16時24分秒,屏東縣屏東市和興里忠孝路敬軍路口,1,普通重型-機車租賃車-小客車
107年6月14日 19時26分秒,新北市樹林區日新街118號前.公尺,1,腳踏自行車-慢車普通重型-機車自用-小客車
107年6月14日 22時2分秒,臺北市大同區環河北路2段 / 臺北市大同區酒泉街,1,自用-小客車自用-小客車大型重型2(25-55C.C.)-機車
107年6月15日 3時3分秒,臺南市新市區大營里台1線北向,1,自用-小客車
107年6月15日 4時45分28秒,南投縣南投市嶺興路2號前.公尺東側,2,自用-小客車農耕用車(或機械)-其他車乘客-人
107年6月15日 12時6分1秒,桃園市八德區介壽路1段東側 / 桃園市八德區大明街,1,營業用-曳引車普通輕型-機車
107年6月15日 14時33分29秒,嘉義縣新港鄉大潭村大潭74-1號路口,1,自用-大貨車普通重型-機車
107年6月15日 2時13分2秒,新竹縣竹東鎮仁愛里北興路2段276號前.公尺附近,1,普通重型-機車
107年6月15日 22時36分11秒,桃園市龜山區國道1號 41公里2.公尺處北側向中外,1,行人-人自用-小客車營業用-大貨車
107年6月16日 1時28分秒,臺東縣東河鄉台11線 132公里5.公尺處北側向外側,1,自用-小客車乘客-人乘客-人
107年6月16日 16時37分秒,高雄市前鎮區過港隧道旗津往前鎮方向汽車道9處,1,營業用-曳引車大型重型2(25-55C.C.)-機車大型重型2(25-55C.C.)-機車
107年6月17日 8時29分11秒,臺南市南區濱南路口 / 臺南市南區喜樹路西側,1,普通重型-機車自用-小客車
107年6月18日 1時15分27秒,嘉義縣太保市麻寮里產業道路往南埤路方向旁水溝,1,普通重型-機車
107年6月18日 14時13分秒,臺北市中正區中華路2段 / 臺北市中正區和平西路2段,1,民營公車-大客車行人-人
107年6月18日 15時14分秒,彰化縣線西鄉台61線 169公里8.公尺處北側向內側,1,營業用-半聯結車
107年6月18日 16時19分34秒,臺東縣鹿野鄉台9線 341公里1.公尺處東側向外側,1,自用-小貨車(含客、貨兩用)自用-大貨車乘客-人
107年6月19日 7時34分秒,新北市八里區中華路2段145號前.公尺,1,普通重型-機車營業用-曳引車
107年6月19日 2時43分秒,臺南市北區長榮路5段378巷口,1,普通重型-機車行人-人自用-小客車
107年6月2日 1時1分秒,基隆市暖暖區暖碇路15巷64號前.公尺,1,普通重型-機車乘客-人
107年6月2日 4時49分秒,高雄市旗山區旗屏路東昌194燈號前.公尺,1,普通重型-機車自用-小客車
107年6月2日 7時8分57秒,雲林縣西螺鎮興農西路西螺國中(興農22號電桿),1,腳踏自行車-慢車普通重型-機車遊覽車-大客車
107年6月2日 16時42分秒,臺中市大安區福興里興安路52號前.公尺,1,普通重型-機車乘客-人
107年6月21日 2時22分秒,彰化縣芳苑鄉王功村芳漢路王功段前.公尺,4,自用-小客車乘客-人乘客-人乘客-人
107年6月21日 9時分秒,新北市新店區明德路 / 新北市新店區建國路,1,自用-小客車行人-人
107年6月21日 9時33分秒,新竹縣新豐鄉後湖村1埔頂266號旁,1,自用-小客車
107年6月21日 1時8分秒,臺中市北屯區仁美里台74線快速公路前.公尺,1,營業用-大貨車自用-小貨車(含客、貨兩用)
107年6月21日 14時29分秒,臺南市新營區國道1號 288公里6.公尺處北側向交流道,1,其他人-人自用-小貨車(含客、貨兩用)
107年6月21日 21時33分3秒,屏東縣滿州鄉屏2線23.5公里,1,普通重型-機車
107年6月22日 5時15分秒,臺南市玉井區玉田里中正路西側 / 臺南市玉井區玉田里大成路南側,1,普通重型-機車普通重型-機車
107年6月22日 1時52分秒,彰化縣和美鎮源埤里太平路 / 彰化縣和美鎮源埤里大佃路,1,自用-小客車普通重型-機車
107年6月22日 13時1分9秒,屏東縣里港鄉國道1號 24公里5.公尺處東側向內側,1,計程車-小客車
107年6月22日 15時33分秒,高雄市橋頭區村成功南路 / 高雄市橋頭區南溝路,1,行人-人營業用-曳引車
107年6月23日 11時12分秒,雲林縣土庫鎮新庄里港新7電桿旁,1,普通重型-機車計程車-小客車
107年6月23日 2時29分秒,高雄市大寮區華中路華中25燈號前.公尺前,1,自用-小客車腳踏自行車-慢車
107年6月25日 3時59分秒,高雄市新興區村中山一路 / 高雄市新興區青年一路,1,自用-小客車普通重型-機車
107年6月25日 8時3分秒,嘉義縣中埔鄉同仁村台3線292.2里路肩處,1,自用-小貨車(含客、貨兩用)行人-人
107年6月25日 13時5分秒,臺北市大同區台北橋前.公尺,1,普通重型-機車
107年6月25日 21時29分秒,臺東縣東河鄉尚德村七塊厝產業道路2號前.公尺東側,1,自用-小貨車(含客、貨兩用)乘客-人
107年6月26日 4時5分秒,臺北市大同區民族西路 / 臺北市大同區民族西路,1,普通重型-機車行人-人
107年6月26日 1時15分秒,臺東縣卑南鄉台11線 154公里8.公尺處南側向機、慢車道,1,腳踏自行車-慢車自用-小客車
107年6月26日 1時28分18秒,臺中市沙鹿區西勢里中航路1段168號,1,民營客運-大客車行人-人
107年6月26日 1時57分秒,臺南市北區公園路764號東側,1,普通重型-機車營業用-大貨車
107年6月26日 12時47分秒,彰化縣田中鎮東源里山腳路3段234弄前.公尺前,1,自用-小貨車(含客、貨兩用)腳踏自行車-慢車
107年6月26日 18時44分秒,屏東縣內埔鄉富田村富豐路38號前附近北向車道,1,自用-小貨車(含客、貨兩用)普通重型-機車
107年6月26日 19時52分秒,彰化縣溪湖鎮大突里二溪路大突弄52之11號前.公尺,1,普通重型-機車自用-小客車
107年6月27日 7時1分秒,新竹縣新埔鎮文山路亞東段352號前,1,行人-人自用-小客車
107年6月27日 8時9分秒,新竹縣竹北市水防道路與溝貝街199巷口,1,普通重型-機車
107年6月27日 13時47分秒,臺南市安定區中沙里,1,自用-小客車乘客-人
107年6月27日 14時44分秒,新竹市北區榮濱路東側 / 新竹市北區尚濱路,1,普通重型-機車自用-小貨車(含客、貨兩用)
107年6月27日 16時28分秒,嘉義縣番路鄉觸口村台18線31.5公里處,1,拼裝車-其他車自用-小客車自用-大貨車
107年6月28日 16時3分秒,彰化縣福興鄉頂粘村頂粘街 / 彰化縣福興鄉頂粘村頂粘街,1,普通重型-機車自用-大貨車
107年6月28日 17時12分秒,新竹市東區公道五路建美路,1,行人-人自用-小客車
107年6月28日 17時18分秒,苗栗縣公館鄉大坑村信東街竹安橋(東西向)與產業道路(南北),1,自用-小客車普通重型-機車
107年6月28日 17時55分秒,嘉義縣番路鄉縣159甲線 15公里5.公尺處東側向內側,1,自用-小貨車(含客、貨兩用)行人-人
107年6月28日 21時2分秒,雲林縣二崙鄉崙東村中山路1段12號,2,普通重型-機車普通重型-機車自用-小客車
107年6月28日 23時45分秒,新北市新店區新烏路1段前.公尺,1,普通重型-機車
107年6月29日 4時44分45秒,臺南市關廟區埤頭里關新路1段746號前.公尺,1,普通重型-機車乘客-人
107年6月29日 8時32分秒,高雄市鳳山區村建國路1段 / 高雄市鳳山區經武路,1,自用-大貨車普通重型-機車
107年6月29日 8時5分34秒,高雄市田寮區國道3號 382公里7.公尺處南側向交流道,1,自用-小貨車(含客、貨兩用)
107年6月29日 8時58分秒,南投縣草屯鎮雙冬里中正路25之6號對面,1,普通重型-機車
107年6月29日 13時4分秒,新北市三重區中興橋機車道路前.公尺,1,普通重型-機車
107年6月29日 15時13分秒,臺南市安南區安中路1段北側 / 臺南市安南區安中路1段口,1,腳踏自行車-慢車普通重型-機車
107年6月29日 15時55分秒,彰化縣北斗鎮大新里民生路 / 彰化縣北斗鎮大新里民生路,1,普通重型-機車自用-小客車乘客-人
107年6月29日 17時分秒,臺中市大雅區雅楓里民生路三段295號前.公尺,1,營業用-曳引車腳踏自行車-慢車
107年6月29日 17時45分秒,臺東縣臺東市臨海路3段南側 / 臺東縣臺東市重慶路,1,普通重型-機車
107年6月3日 6時46分秒,彰化縣芳苑鄉草湖村仁愛路 / 彰化縣芳苑鄉草湖村芳東路,1,普通重型-機車自用-小客車
107年6月3日 7時3分秒,桃園市大溪區復興路1段189號前.公尺,1,普通重型-機車自用-小貨車(含客、貨兩用)自用-小客車
107年6月3日 21時37分16秒,南投縣埔里鎮隆生路83-9號,1,普通重型-機車自用-小貨車(含客、貨兩用)乘客-人
107年6月3日 23時8分秒,雲林縣莿桐鄉和平路口 / 雲林縣莿桐鄉外環道路口,1,自用-小客車普通輕型-機車
107年6月3日 23時15分秒,花蓮縣玉里鎮縣193線 17公里7.公尺處南側,1,普通重型-機車
107年7月1日 1時4分42秒,桃園市楊梅區四維里永美路口 / 桃園市楊梅區四維里四維二路口,1,警備車-特種車自用-小客車乘客-人
107年7月1日 13時33分52秒,宜蘭縣宜蘭市進士路南側 / 宜蘭縣宜蘭市進士路,1,自用-小客車普通重型-機車
107年7月1日 17時2分秒,新北市土城區石門路58號前.公尺,1,普通重型-機車乘客-人
107年7月1日 17時3分秒,新北市汐止區汐萬路3段前.公尺,1,普通重型-機車大型重型1(55C.C.以上)-機車
107年7月1日 19時47分秒,高雄市橋頭區里林西路49號前.公尺前,1,普通重型-機車行人-人
107年7月2日 5時1分41秒,臺東縣鹿野鄉龍田村北三路靠近龍三路以西5公尺處,1,自用-小貨車(含客、貨兩用)
107年7月2日 7時5分秒,基隆市安樂區麥金路146號前.公尺,1,自用-小客車普通重型-機車普通重型-機車
107年7月2日 17時25分54秒,苗栗縣頭份市永貞路與工業路口,1,普通重型-機車自用-小客車
107年7月2日 19時36分秒,臺南市下營區台84線 15公里2.公尺處,1,自用-小客車營業用-半聯結車營業用-大貨車
107年7月3日 時3分秒,臺中市太平區太平里甲堤路前.公尺,1,普通重型-機車乘客-人
107年7月3日 4時33分秒,彰化縣鹿港鎮東崎里鹿東路2段 / 彰化縣鹿港鎮東崎里打鐵巷,1,普通重型-機車
107年7月3日 8時15分36秒,桃園市大園區桃園國際機場航站南路近二航廈路段,1,自用-小貨車(含客、貨兩用)
107年7月3日 1時51分28秒,嘉義縣東石鄉台61線263K北向東石交流道口,1,自用-大貨車自用-小客車乘客-人乘客-人
107年7月3日 12時1分秒,臺南市歸仁區六甲里凱旋路3段東側 / 臺南市歸仁區六甲里省道臺39線北側,1,普通重型-機車自用-小客車
107年7月4日 1時11分秒,高雄市楠梓區村高楠公路898之1號前.公尺,1,普通重型-機車乘客-人
107年7月4日 13時27分秒,臺南市永康區永華路233巷35號前.公尺,1,自用-小貨車(含客、貨兩用)自用-小貨車(含客、貨兩用)普通重型-機車普通重型-機車自用-小客車其他人-人
107年7月4日 14時19分秒,雲林縣虎尾鎮興中里清雲路與學府路口,1,自用-小客車普通重型-機車
107年7月4日 21時18分秒,苗栗縣頭屋鄉曲洞村苗25線金晶矽砂廠旁,1,普通重型-機車
107年7月5日 6時44分秒,臺北市士林區百齡左岸河濱公園前.公尺,1,普通重型-機車
107年7月5日 9時51分秒,新竹市東區經國路一段與田美三街,1,自用-曳引車普通重型-機車
107年7月5日 12時36分58秒,嘉義縣東石鄉型厝村嘉4線山寮9號電線桿,1,普通重型-機車
107年7月5日 19時22分秒,彰化縣和美鎮頭前里北庭路56弄121號前2.公尺南側,1,普通重型-機車拼裝車-其他車乘客-人
107年7月5日 2時8分秒,臺中市神岡區庄前里三民南路36號前.公尺,1,自用-小客車普通重型-機車
107年7月6日 6時52分秒,臺中市豐原區西安里中山路前.公尺,1,普通重型-機車民營公車-大客車
107年7月6日 15時1分秒,臺北市中正區中山南路前.公尺,1,自用-小客車普通重型-機車乘客-人
107年7月6日 18時11分秒,雲林縣虎尾鎮延平里土庫大橋與防汛道路口,1,自用-小貨車(含客、貨兩用)普通重型-機車
107年7月6日 23時5分秒,南投縣埔里鎮中正路132號西側,1,普通重型-機車
107年7月7日 1時8分秒,桃園市蘆竹區八德一路營盤分線19號電桿附近(往南崁方向)_V17792,1,自用-小客車普通重型-機車
107年7月7日 5時2分秒,臺北市士林區自強隧道前.公尺,2,自用-小客車自用-小貨車(含客、貨兩用)自用-小貨車(含客、貨兩用)其他人-人乘客-人
107年7月7日 19時57分秒,雲林縣莿桐鄉六合村新興路59之6號,1,自用-小客車行人-人
107年7月8日 8時55分秒,彰化縣和美鎮柑井里柑竹路 / 彰化縣和美鎮柑井里東明路,1,普通重型-機車乘客-人
107年7月8日 11時53分44秒,臺南市新營區新北里長榮路2段北側 / 臺南市新營區新北里周武街東側,1,普通重型-機車自用-小客車
107年7月9日 時分46秒,宜蘭縣冬山鄉順安村永美路口 / 宜蘭縣冬山鄉永和路,2,自用-小客車自用-小客車乘客-人乘客-人乘客-人
107年7月9日 8時7分秒,臺中市南屯區惠中里向上路前.公尺,1,普通重型-機車自用-小貨車(含客、貨兩用)
107年7月9日 9時2分秒,彰化縣和美鎮柑井里美寮路1段279號前.公尺前,1,自用-小貨車(含客、貨兩用)普通重型-機車乘客-人
107年7月9日 13時47分2秒,桃園市觀音區濱海路南側 / 桃園市觀音區文化路,1,普通重型-機車自用-大貨車
107年7月9日 14時2分秒,花蓮縣玉里鎮縣193線 15公里8.公尺處北側,1,自用-小貨車(含客、貨兩用)自用-小貨車(含客、貨兩用)普通重型-機車乘客-人乘客-人
107年7月9日 22時1分秒,臺東縣卑南鄉台9線 362公里5.公尺處向外側,1,行人-人普通重型-機車
107年7月1日 1時3分12秒,新竹縣關西鎮上林里竹16-1線.5K處,1,普通重型-機車
107年7月1日 5時28分秒,宜蘭縣羅東鎮純精路1段南側 / 宜蘭縣羅東鎮成功街,1,普通輕型-機車普通重型-機車自用-小客車
107年7月1日 9時43分秒,花蓮縣花蓮市南濱路與長安街口(三嘉一釣蝦場前路口),1,營業用-曳引車普通輕型-機車
107年7月11日 7時2分秒,嘉義縣水上鄉粗溪村台1線273公里7公尺處,1,自用-小客車普通重型-機車乘客-人
107年7月11日 8時31分2秒,雲林縣麥寮鄉施厝村產業道路,1,自用-小客車普通重型-機車
107年7月11日 2時22分3秒,臺東縣關山鎮台9線 337公里15.公尺處東側,1,行人-人自用-小客車
107年7月11日 23時37分秒,新北市三重區中興北街 / 新北市三重區光復路2段,1,自用-大貨車普通重型-機車
107年7月12日 11時分秒,雲林縣麥寮鄉興華村興安路麥興58電桿,1,自用-大貨車普通重型-機車
107年7月12日 18時2分2秒,桃園市平鎮區金陵路3段口 / 桃園市平鎮區大仁街,1,普通重型-機車普通重型-機車乘客-人
107年7月12日 19時43分秒,彰化縣溪州鄉尾厝村文化路前.公尺,1,自用-小客車
107年7月12日 23時17分3秒,桃園市桃園區大興里春日路679號前.公尺,1,行人-人自用-小客車
107年7月13日 5時51分秒,臺北市士林區中正路前.公尺,1,普通重型-機車租賃車-小客車乘客-人
107年7月13日 7時24分秒,嘉義縣六腳鄉正義村嘉5線鄉道與無名產業道路(口),1,自用-小貨車(含客、貨兩用)普通輕型-機車
107年7月13日 11時18分秒,臺北市信義區永吉路 / 臺北市信義區永吉路,1,普通重型-機車自用-小貨車(含客、貨兩用)
107年7月13日 23時35分秒,彰化縣伸港鄉大同村彰新路7段622號前.公尺前,1,普通重型-機車動力機械-其他車
107年7月14日 1時1分秒,新竹縣新埔鎮照門里新龍路328巷口對面,1,自用-小貨車(含客、貨兩用)其他車-其他車乘客-人
107年7月14日 14時29分秒,新北市林口區忠孝路 / 新北市林口區忠孝路,1,腳踏自行車-慢車普通重型-機車
107年7月14日 18時32分秒,嘉義縣太保市東勢里信義二路與博愛路口,1,自用-小客車普通重型-機車乘客-人
107年7月14日 22時2分秒,新竹縣竹北市沿河街169號前,1,自用-小客車普通重型-機車
107年7月14日 23時15分36秒,南投縣名間鄉名松路1段237號東側,1,普通重型-機車
107年7月15日 時5分秒,雲林縣大埤鄉溝心路北門59號電桿,1,普通重型-機車乘客-人
107年7月15日 2時5分2秒,苗栗縣頭份市中華路1347號,1,自用-小客車
107年7月15日 5時4分秒,彰化縣埔心鄉二重村柳橋路3段 / 彰化縣埔心鄉二重村五通南路,1,普通重型-機車自用-小客車乘客-人
107年7月15日 12時22分秒,嘉義縣水上鄉南和村163線14公里2公尺處東向車道,1,自用-小客車自用-小貨車(含客、貨兩用)乘客-人乘客-人
107年7月15日 17時35分秒,彰化縣鹿港鎮永安里鹿和路1段 / 彰化縣鹿港鎮永安里永安二路,1,自用-小貨車(含客、貨兩用)普通重型-機車自用-小客車
107年7月15日 19時57分秒,花蓮縣秀林鄉崇德村崇德144之1號前,1,行人-人自用-小客車乘客-人
107年7月16日 6時分秒,新竹縣關西鎮大同里竹118縣22.6K處,1,自用-小客車普通重型-機車
107年7月17日 3時52分秒,宜蘭縣羅東鎮中正北路口 / 宜蘭縣羅東鎮倉前路,1,自用-小客車行人-人
107年7月17日 12時33分秒,苗栗縣公館鄉台72線石圍牆匝道路口,1,自用-小客車營業用-半聯結車乘客-人
107年7月18日 6時5分秒,高雄市左營區村翠華路 / 高雄市左營區海功東路,1,普通重型-機車營業用-曳引車
107年7月18日 15時分13秒,桃園市八德區豐德路北側 / 桃園市八德區僑愛一街,1,自用-小客車普通重型-機車
107年7月18日 16時45分秒,臺中市中區中華里中華路一段168號前.公尺,1,行人-人普通重型-機車計程車-小客車
107年7月19日 8時分12秒,臺中市清水區國道3號 168公里3.公尺處北側向路肩,1,自用-小客車自用-小貨車(含客、貨兩用)其他人-人
107年7月19日 11時45分11秒,嘉義縣水上鄉大崙村168線21公里5公尺處,1,普通輕型-機車
107年7月19日 12時5分秒,高雄市仁武區村仁孝路 / 高雄市仁武區仁勇西巷,1,普通重型-機車自用-小客車
107年7月19日 13時39分51秒,臺南市永康區中山北路31號前.公尺,1,普通重型-機車自用-小貨車(含客、貨兩用)
107年7月2日 6時26分秒,新北市三峽區介壽路1段 / 新北市三峽區佳興路,1,自用大客車-大客車大型重型1(55C.C.以上)-機車
107年7月2日 11時4分5秒,臺南市官田區隆本里區道南65線北側 / 臺南市官田區隆本里區道南64線西側,1,自用-大貨車普通重型-機車
107年7月2日 12時2分秒,彰化縣二林鎮西平里建國路312號前.公尺前,1,普通重型-機車腳踏自行車-慢車
107年7月2日 2時3分秒,高雄市岡山區村阿公店路2段 / 高雄市岡山區阿公店路2段,1,普通重型-機車
107年7月21日 5時25分秒,臺南市安南區慶和路一段西向東方向路燈編號55129,1,普通重型-機車
107年7月21日 15時51分秒,臺中市東勢區茂興里東蘭路前.公尺,1,普通重型-機車自用-小客車
107年7月21日 23時56分秒,臺中市后里區墩北里甲后路二段前.公尺,2,自用-小客車電動輔助自行車-慢車乘客-人
107年7月22日 2時58分秒,彰化縣伸港鄉台61線 169公里北側向中外,1,營業用-半聯結車
107年7月22日 14時3分秒,臺中市霧峰區舊正里中正路2巷前.公尺,1,民營客運-大客車大型重型1(55C.C.以上)-機車
107年7月22日 21時6分秒,彰化縣和美鎮四張里德美路 / 彰化縣和美鎮四張里和厝路1段,1,普通重型-機車租賃車-小客車自用-小客車自用-小客車乘客-人
107年7月23日 3時22分秒,臺中市烏日區國道1號 187公里6.公尺處北側向外側,1,腳踏自行車-慢車民營客運-大客車
107年7月24日 11時4分秒,臺中市大甲區建興里西濱快速公路前.公尺,1,自用-大貨車營業用-小貨車(含客、貨兩用)自用-小貨車(含客、貨兩用)自用-曳引車乘客-人
107年7月24日 14時36分秒,高雄市大樹區統嶺路統嶺132燈號前.公尺,1,普通重型-機車
107年7月25日 11時46分32秒,新竹縣芎林鄉上山村7鄰三民路2號前左轉產業道路往第五公墓54公尺處路燈編號471號旁,1,普通重型-機車
107年7月25日 12時55分秒,高雄市苓雅區村三多二路 / 高雄市苓雅區凱旋二路,1,自用-小客車普通重型-機車
107年7月25日 21時2分秒,南投縣南投市南營路629號前.公尺,1,自用-小客車行人-人
107年7月26日 5時15分秒,臺南市北區小東路北側 / 臺南市北區東興路,1,普通輕型-機車自用-小客車
107年7月26日 5時45分秒,桃園市平鎮區平南里中豐路南勢二段與天津街口(R17757平鎮所),1,自用-小客車行人-人
107年7月26日 6時59分59秒,臺南市學甲區新達里市道174線口 / 臺南市學甲區臺84下東西平面道路,1,自用-小客車普通重型-機車
107年7月26日 13時2分42秒,桃園市八德區新興路1325號,1,自用-小貨車(含客、貨兩用)普通重型-機車
107年7月26日 17時42分秒,苗栗縣竹南鎮大埔里大埔二街與科專五路口,1,自用-小客車普通重型-機車
107年7月26日 17時55分秒,高雄市前鎮區村一心二路 / 高雄市前鎮區台鋁北巷,1,自用-小客車普通重型-機車
107年7月27日 5時2分秒,桃園市桃園區春日里春日路北側 / 桃園市桃園區南通路,1,行人-人自用-小貨車(含客、貨兩用)
107年7月27日 6時28分秒,高雄市小港區沿海三路前.公尺,1,普通重型-機車
107年7月27日 9時37分秒,高雄市路竹區村復興路185號前.公尺,1,電動自行車-慢車營業用-大貨車
107年7月28日 9時4分3秒,屏東縣林邊鄉中山路前.公尺南側,1,普通重型-機車普通重型-機車
107年7月28日 9時5分45秒,雲林縣麥寮鄉麥豐村156公路前.公尺,1,自用-大貨車普通重型-機車
107年7月28日 12時29分秒,高雄市鳳山區中山東路 / 高雄市鳳山區勝利路,1,自用-小客車普通重型-機車乘客-人
107年7月28日 23時47分秒,新北市板橋區文新路35之1號前.公尺,1,自用-小客車普通重型-機車
107年7月29日 6時19分秒,新北市永和區中正橋道路前.公尺,1,自用-小貨車(含客、貨兩用)普通重型-機車
107年7月29日 14時4分秒,澎湖縣馬公市縣23線 4公里8.公尺處南側向外側,1,普通重型-機車自用-小貨車(含客、貨兩用)
107年7月29日 17時23分秒,彰化縣芬園鄉中崙村大彰路2段前.公尺,1,自用-小客車腳踏自行車-慢車
107年7月3日 8時15分秒,彰化縣彰化市茄南里茄苳路2段1弄85號前.公尺前,1,普通重型-機車腳踏自行車-慢車
107年7月3日 14時分25秒,花蓮縣壽豐鄉豐山村中山路3段西側 / 花蓮縣壽豐鄉豐山村中山路3段口,1,普通重型-機車自用-小客車自用-小貨車(含客、貨兩用)
107年7月3日 14時8分24秒,屏東縣恆春鎮墾丁里墾丁路683號,1,普通重型-機車自用-小客車
107年7月3日 19時分秒,高雄市大社區三民路 / 高雄市大社區三中路,1,營業用-半聯結車腳踏自行車-慢車
107年7月3日 23時3分秒,臺北市松山區健康路 / 臺北市松山區健康路,1,自用-小貨車(含客、貨兩用)行人-人
107年7月31日 9時18分秒,臺北市大同區鄭州路 / 臺北市大同區塔城街,1,自用-小客車普通重型-機車
107年7月31日 11時13分秒,新北市土城區擺接堡路 / 新北市土城區員福街,1,普通重型-機車自用-小貨車(含客、貨兩用)乘客-人
107年7月31日 15時45分秒,彰化縣線西鄉寓埔村中華路 / 彰化縣線西鄉寓埔村中央路2段,1,自用-小貨車(含客、貨兩用)普通重型-機車乘客-人
107年7月31日 19時分3秒,花蓮縣鳳林鎮鳳信里中正路1段33號前.公尺口,1,自用-小客車自用-小客車
107年7月31日 21時4分秒,屏東縣枋寮鄉中山路二段66號水底寮幹85R1號電桿前(千越加油站),1,腳踏自行車-慢車普通重型-機車
107年8月1日 7時22分秒,桃園市桃園區春日路752號前.公尺西側,1,普通重型-機車營業用-曳引車
107年8月1日 7時4分1秒,桃園市蘆竹區南山路1段194號前.公尺北側,1,普通重型-機車自用-大貨車自用-小客車
107年8月1日 8時5分秒,桃園市八德區大興里榮興南路88巷口附近【T1785】,1,普通重型-機車自用-小貨車(含客、貨兩用)
107年8月1日 15時36分秒,嘉義市西區香湖里文化路13巷722弄1號前.公尺,1,自用-小貨車(含客、貨兩用)普通重型-機車
107年8月2日 7時5分21秒,宜蘭縣宜蘭市環市東路2段口 / 宜蘭縣宜蘭市七張路口,1,普通重型-機車自用-小客車
107年8月2日 11時24分6秒,桃園市龜山區萬壽路一段與工興街口,1,普通重型-機車自用-小貨車(含客、貨兩用)
107年8月2日 16時5分44秒,苗栗縣苑裡鎮舊社里6鄰德行路3號前,1,自用-大貨車電動自行車-慢車
107年8月2日 17時5分秒,宜蘭縣五結鄉五結中路2段口 / 宜蘭縣五結鄉大吉三路口,1,普通重型-機車普通重型-機車
107年8月2日 18時25分秒,臺南市北區文成路口 / 臺南市北區育德一街,1,自用-小客車普通重型-機車乘客-人
107年8月3日 5時35分秒,桃園市桃園區大興路北側 / 桃園市桃園區大業路南側,1,自用-小客車普通重型-機車
107年8月3日 7時29分53秒,嘉義縣民雄鄉平和村嘉76線3.5K,1,自用-小客車
107年8月3日 16時15分秒,基隆市安樂區北濱公路澳底橋,1,自用-小客車自用-小貨車(含客、貨兩用)
107年8月4日 7時38分秒,高雄市仁武區村永宏巷1號前.公尺,1,自用-小客車營業用-曳引車普通重型-機車普通重型-機車
107年8月4日 12時27分秒,新竹縣竹北市中正西路277號前,1,普通重型-機車乘客-人
107年8月4日 16時15分46秒,南投縣草屯鎮北投里北投路大眾巷產業道路(距離碧興路2公尺處,1,普通重型-機車
107年8月4日 17時34分秒,臺南市柳營區八翁里中山西路3段北側 / 臺南市柳營區長榮路5段,1,普通重型-機車自用-大貨車乘客-人
107年8月4日 19時38分秒,臺北市內湖區內湖路2段13巷11號前.公尺,1,普通重型-機車行人-人
107年8月5日 1時55分秒,高雄市六龜區台27線 1公里1.公尺處南側向外側,1,自用-小客車乘客-人
107年8月5日 7時15分3秒,雲林縣口湖鄉台17線 11公里南側向路肩,1,普通重型-機車
107年8月6日 8時16分秒,新北市三重區疏洪十二路前.公尺,1,普通重型-機車自用-小客車
107年8月6日 8時44分44秒,苗栗縣苑裡鎮社苓里苗47線與社柑3路口,1,普通重型-機車普通重型-機車
107年8月6日 8時55分秒,臺中市大肚區王田里沙田路一段前.公尺,1,自用-小客車自用-小客車乘客-人
107年8月6日 9時3分48秒,新竹縣芎林鄉國道3號 87公里4.公尺處北側向外側,1,自用-小客車自用-半聯結車其他人-人
107年8月6日 9時5分秒,高雄市鳳山區村鳳頂路 / 高雄市鳳山區田中央路,1,自用-小貨車(含客、貨兩用)普通重型-機車
107年8月6日 1時4分秒,臺南市東山區南1 5公里6.公尺處東側向中外,1,自用-大貨車電動自行車-慢車自用-小貨車(含客、貨兩用)
107年8月6日 17時38分秒,彰化縣秀水鄉陝西村水尾巷 / 彰化縣秀水鄉陝西村正興巷,1,自用-小客車普通重型-機車
107年8月6日 2時1分3秒,臺東縣關山鎮台9線 336公里9.公尺處南側向中內,1,行人-人自用-小客車
107年8月7日 3時55分秒,臺北市中山區中山橋前.公尺,1,普通重型-機車
107年8月7日 11時25分秒,嘉義縣東石鄉縣157線 38公里北側向外側,1,普通重型-機車自用-小客車
107年8月7日 15時分秒,屏東縣潮州鎮太平路426號前,1,自用-小客車普通重型-機車
107年8月7日 16時7分秒,臺北市士林區後港街66號前.公尺,1,租賃車-小客車普通重型-機車計程車-小客車
107年8月7日 16時55分秒,桃園市觀音區廣福里福山路2段東側 / 桃園市觀音區廣福里廣大路西側,1,自用-小客車普通重型-機車乘客-人
107年8月8日 4時22分秒,彰化縣溪州鄉瓦厝村莒光路前.公尺,1,普通重型-機車
107年8月8日 5時39分秒,桃園市龜山區忠義路2段238號前.公尺,1,普通重型-機車
107年8月8日 7時1分秒,臺中市和平區博愛里東關路一段前.公尺,1,普通重型-機車
107年8月8日 7時58分45秒,嘉義縣水上鄉內溪村中義路永欽二號橋上(175線1公里處),1,自用-小客車自用-小客車營業用-曳引車
107年8月8日 9時45分秒,花蓮縣玉里鎮台9線 283公里4.公尺處北側向內側,1,普通重型-機車自用-小貨車(含客、貨兩用)
107年8月8日 12時57分秒,臺中市北屯區新平里大鵬路前.公尺,1,營業用-曳引車普通重型-機車
107年8月8日 15時3分秒,高雄市小港區北林路 / 高雄市小港區博學路,1,營業用-半聯結車普通重型-機車
107年8月8日 17時27分秒,新北市新莊區壽山路前.公尺,1,普通重型-機車普通重型-機車
107年8月9日 1時36分秒,新北市板橋區縣民大道2段 / 新北市板橋區新府路,1,腳踏自行車-慢車自用-小客車
107年8月9日 3時11分秒,新北市八里區龍米路2段 / 新北市八里區龍米路,1,自用-小貨車(含客、貨兩用)普通重型-機車
107年8月9日 4時56分56秒,宜蘭縣員山鄉枕山村波城路69-9號,1,自用-小客車行人-人
107年8月9日 5時分33秒,雲林縣斗六市大學路一段5-6號,1,自用-小客車行人-人
107年8月9日 8時29分秒,嘉義縣朴子市竹圍里四維路口 / 嘉義縣朴子市光復新路,1,普通重型-機車自用-小貨車(含客、貨兩用)乘客-人
107年8月9日 15時9分4秒,臺南市仁德區國道1號 326公里4.公尺處南側向中線,1,自用-小客車營業用-半聯結車
107年8月9日 15時43分秒,臺東縣太麻里鄉台9線 43公里5.公尺處南側向中內,1,普通重型-機車自用-小客車
107年8月9日 19時17分秒,桃園市平鎮區中庸路235號前.公尺,1,腳踏自行車-慢車自用-小客車
107年8月1日 5時29分秒,新竹縣竹北市鳳岡路二段15巷88號,1,普通重型-機車
107年8月1日 6時分秒,雲林縣褒忠鄉潮厝村王厝57東2電桿旁,1,普通輕型-機車
107年8月1日 6時55分秒,高雄市鼓山區西藏街 / 高雄市鼓山區伊犁街,1,腳踏自行車-慢車民營客運-大客車
107年8月1日 11時54分秒,臺北市信義區永吉路 / 臺北市信義區永吉路,1,自用-小貨車(含客、貨兩用)行人-人
107年8月1日 13時38分秒,宜蘭縣羅東鎮中山路3段西側 / 宜蘭縣羅東鎮公園路,1,普通重型-機車自用-小貨車(含客、貨兩用)
107年8月1日 16時53分秒,屏東縣鹽埔鄉產業道路(鹽埔高幹51右高分14),1,普通重型-機車
107年8月1日 23時31分14秒,桃園市龜山區萬壽路1段492號前.公尺北側,1,自用-小客車普通重型-機車自用-小客車自用-小客車乘客-人
107年8月11日 2時15分秒,臺中市大雅區上楓里民生路三段366號前.公尺,1,普通重型-機車
107年8月11日 4時分秒,嘉義縣水上鄉國道1號 271公里1.公尺處北側向內側,1,自用-小客車民營客運-大客車
107年8月11日 7時45分秒,屏東縣枋山鄉台1線 444公里9.公尺處北側向機、慢車道,1,普通重型-機車民營客運-大客車
107年8月11日 11時5分秒,臺中市東區振興里忠孝路前.公尺,1,計程車-小客車行人-人行人-人
107年8月11日 12時15分秒,高雄市大社區中正路 / 高雄市大社區中正路,1,普通重型-機車營業用-小貨車(含客、貨兩用)
107年8月11日 15時41分18秒,新竹市香山區東香路2段61號,1,普通重型-機車
107年8月11日 17時55分秒,桃園市龜山區振興路北側 / 桃園市龜山區振興路南側,1,普通重型-機車自用-小客車
107年8月12日 時53分秒,桃園市桃園區永安路北側 / 桃園市桃園區永安路,1,普通重型-機車自用-小客車自用-小貨車(含客、貨兩用)
107年8月12日 9時48分秒,新北市淡水區學府路 / 新北市淡水區水源街2段,1,自用-小貨車(含客、貨兩用)普通重型-機車
107年8月12日 23時4分秒,新北市泰山區新五路1段 / 新北市泰山區中港西路,1,自用-大貨車普通重型-機車
107年8月13日 3時7分秒,嘉義縣中埔鄉台82線 32公里7.公尺處西側向路肩,1,自用-小貨車(含客、貨兩用)
107年8月13日 11時5分秒,彰化縣福興鄉橋頭村彰鹿路7段 / 彰化縣福興鄉橋頭村彰鹿路7段,1,普通重型-機車自用-小客車
107年8月13日 19時48分秒,新北市永和區福和橋道路前.公尺,1,普通重型-機車普通重型-機車普通重型-機車
107年8月13日 22時48分秒,臺北市萬華區環河南路1段 / 臺北市萬華區武昌街2段,1,普通重型-機車普通重型-機車
107年8月14日 3時1分秒,高雄市三民區村自立一路陸橋號前.公尺,1,普通重型-機車
107年8月14日 4時3分秒,臺東縣臺東市桂林北路36228號路燈,1,普通重型-機車自用-小客車自用-小客車
107年8月14日 1時43分秒,宜蘭縣員山鄉大安路北側 / 宜蘭縣員山鄉大湖16路北側,1,自用-小貨車(含客、貨兩用)普通重型-機車
107年8月15日 3時42分秒,臺北市大安區羅斯福路4段21號前.公尺,1,自用-小客車行人-人
107年8月15日 3時43分秒,彰化縣大村鄉國道1號 26公里2.公尺處南側向外側,1,自用-小客車營業用-半聯結車
107年8月15日 9時54分秒,嘉義縣義竹鄉嘉26 2公里3.公尺處南側向中線,1,普通重型-機車自用-小貨車(含客、貨兩用)
107年8月15日 17時45分秒,屏東縣高樹鄉高樹村慈新路1段77號前.公尺附近,1,普通重型-機車自用-小貨車(含客、貨兩用)乘客-人
107年8月16日 6時29分秒,臺北市大同區忠孝橋機車道號前.公尺,1,普通重型-機車乘客-人
107年8月16日 11時4分秒,雲林縣麥寮鄉三盛村仁德西路1段,1,普通重型-機車自用-小貨車(含客、貨兩用)
107年8月16日 19時11分9秒,屏東縣萬丹鄉崙頂村南北路二段口 / 屏東縣萬丹鄉田厝村寶田路口,1,普通重型-機車普通重型-機車
107年8月17日 2時37分44秒,雲林縣斗六市西平路口 / 雲林縣斗六市雲科路,1,自用-小客車自用-大貨車
107年8月17日 9時9分秒,桃園市楊梅區富岡里新明街南側 / 桃園市楊梅區富岡里中華街東側,1,普通重型-機車自用-小貨車(含客、貨兩用)
107年8月17日 19時17分1秒,嘉義縣民雄鄉福興村牛稠溪124號,1,普通重型-機車普通重型-機車乘客-人
107年8月18日 4時5分秒,臺南市鹽水區橋南里忠孝路北側 / 臺南市鹽水區南太路口,1,腳踏自行車-慢車自用-小客車乘客-人
107年8月18日 7時15分秒,新北市新店區寶慶街前.公尺,1,民營公車-大客車行人-人
107年8月18日 19時2分秒,彰化縣鹿港鎮台61線 172公里1.公尺處北側向外側,1,行人-人自用-小客車自用-小客車自用-小客車自用-小客車自用-小客車
107年8月18日 2時31分秒,臺南市安定區新吉里國道8號西向側車道路口,1,普通重型-機車普通重型-機車
107年8月18日 22時32分秒,高雄市鼓山區中華一路 / 高雄市鼓山區美明路,1,計程車-小客車普通重型-機車乘客-人乘客-人
107年8月18日 22時5分秒,臺北市北投區中央北路3段26號前.公尺,1,普通重型-機車普通重型-機車其他人-人
107年8月19日 2時3分1秒,雲林縣大埤鄉台78線 32公里3.公尺處東側向外側,1,自用-小客車營業用-曳引車
107年8月19日 6時1分34秒,臺南市白河區永安里新興路528號前.公尺,1,自用-小貨車(含客、貨兩用)普通重型-機車
107年8月19日 9時2分秒,桃園市觀音區桃92線(大潭里6鄰11-1號)旁,1,普通重型-機車自用-大貨車
107年8月19日 13時26分42秒,嘉義縣太保市崙頂里嘉44線3公里1公尺處(電桿編號:三塊厝13),1,自用-小貨車(含客、貨兩用)
107年8月19日 16時4分秒,高雄市鳳山區村凱旋路和興31燈號前.公尺前,1,自用-小客車營業用-大貨車營業用-曳引車乘客-人乘客-人
107年8月19日 19時18分14秒,宜蘭縣五結鄉五結中路2段西側 / 宜蘭縣五結鄉三吉一路西側,1,腳踏自行車-慢車自用-小客車
107年8月19日 21時23分秒,新北市樹林區中正路 / 新北市樹林區光武街,1,普通重型-機車營業用-大貨車
107年8月2日 8時4分秒,臺東縣卑南鄉杉原18號旁,1,普通重型-機車遊覽車-大客車
107年8月2日 1時34分44秒,臺南市善化區小新里目加溜灣大道口 / 臺南市善化區無名道路,1,普通重型-機車自用-小客車
107年8月2日 19時15分秒,彰化縣福興鄉鎮平村阿力街1-5號前.公尺前,1,自用-小貨車(含客、貨兩用)腳踏自行車-慢車
107年8月21日 2時35分秒,基隆市暖暖區八堵路 / 基隆市暖暖區源遠路,1,普通重型-機車營業用-大貨車
107年8月21日 21時4分47秒,桃園市龜山區萬壽路2段北側 / 桃園市龜山區自強北路東側,1,公營公車-大客車普通重型-機車自用-小客車自用-小客車
107年8月23日 3時5分秒,新竹縣寶山鄉國道1號 99公里1.公尺處北側向交流道,1,營業用-半聯結車
107年8月23日 6時35分16秒,花蓮縣瑞穗鄉台9線 265公里5.公尺處北側向機、慢車道,1,普通重型-機車
107年8月23日 12時14分秒,桃園市中壢區國道1號 58公里4.公尺處北側向內側,1,營業用-半聯結車自用-小客車
107年8月24日 1時9分秒,新北市三重區河邊北街377號前.公尺,1,自用-小客車普通重型-機車乘客-人自用-小客車自用-小客車自用-小客車
107年8月24日 2時15分1秒,桃園市桃園區國道2號 19公里6.公尺處東側向內側,3,自用-小客車自用-小貨車(含客、貨兩用)乘客-人自用-小客車其他人-人其他人-人
107年8月24日 13時9分秒,新北市板橋區國慶路 / 新北市板橋區國慶路,1,民營公車-大客車行人-人
107年8月24日 14時8分秒,苗栗縣頭屋鄉台13線 23公里964.公尺處西側向外側,1,自用-小客車普通重型-機車
107年8月24日 14時22分秒,臺北市中山區民權東路2段前.公尺,1,腳踏自行車-慢車自用-小貨車(含客、貨兩用)
107年8月24日 15時26分秒,高雄市旗山區村旗亭巷馬頭幹61桿號前.公尺前,1,自用-小客車自用-小客車乘客-人
107年8月24日 21時29分秒,新北市瑞芳區臺2線道路前.公尺,1,營業用-曳引車
107年8月24日 22時26分秒,臺南市安南區北安路3段北側 / 臺南市安南區總安街1段,1,行人-人自用-小客車
107年8月26日 9時57分秒,臺北市士林區忠誠路1段 / 臺北市士林區忠義街,1,自用-小客車腳踏自行車-慢車
107年8月26日 12時5分34秒,宜蘭縣蘇澳鎮和平路口 / 宜蘭縣蘇澳鎮永愛路口,1,自用-小客車普通重型-機車
107年8月27日 4時15分秒,屏東縣新埤鄉打鐵村南興路111號前.公尺,1,自用-小客車乘客-人乘客-人乘客-人
107年8月27日 7時52分52秒,嘉義縣竹崎鄉義仁村166線44公里3公尺處,1,自用-小客車自用-小客車
107年8月27日 8時分秒,桃園市中壢區忠孝路56號,1,自用-小貨車(含客、貨兩用)普通重型-機車自用-小客車
107年8月27日 18時5分秒,桃園市平鎮區新安里洪圳路25號前.公尺附近,1,普通重型-機車行人-人租賃車-小客車
107年8月27日 21時45分29秒,臺南市東區國道1號 326公里6.公尺處南側向外側,1,營業用-半聯結車營業用-半聯結車營業用-半聯結車乘客-人乘客-人
107年8月28日 4時12分秒,宜蘭縣頭城鎮竹安里頭濱路1段27號前.公尺,1,普通重型-機車
107年8月28日 8時15分秒,新北市鶯歌區中正一路 / 新北市鶯歌區中山路,1,普通重型-機車營業用-大貨車
107年8月28日 23時1分秒,新北市五股區疏洪六路前.公尺,1,普通重型-機車自用-小貨車(含客、貨兩用)
107年8月29日 4時42分秒,臺中市太平區新光里旱溪東路二段前.公尺,1,自用-小貨車(含客、貨兩用)營業用-半聯結車
107年8月3日 3時38分25秒,嘉義縣水上鄉龍德村產業道路(電線桿編號:水崙14分11 N1982 HB29),1,普通重型-機車
107年8月3日 7時5分秒,臺北市士林區中山北路5段 / 臺北市士林區幸福街,1,自用-小客車行人-人
107年8月3日 8時13分秒,宜蘭縣三星鄉行健溪一路2段東側 / 宜蘭縣三星鄉照林路2段南側,1,普通重型-機車自用-小貨車(含客、貨兩用)乘客-人
107年8月3日 8時4分秒,雲林縣二崙鄉中山路一段17號電桿前,1,普通重型-機車自用-小客車
107年8月3日 9時43分秒,宜蘭縣冬山鄉大安路9號前.公尺附近,1,普通重型-機車營業用-曳引車
107年8月3日 14時58分秒,嘉義縣中埔鄉隆興村中正路56號前.公尺,1,普通重型-機車自用-小貨車(含客、貨兩用)
107年8月31日 時35分秒,彰化縣和美鎮山犁里道周路418號前.公尺前,1,行人-人普通重型-機車
107年8月31日 2時28分秒,新竹市東區光復路一段579號,1,普通重型-機車
107年8月31日 7時22分秒,花蓮縣花蓮市中興路東側 / 花蓮縣花蓮市中美三街,1,自用-小客車普通重型-機車
107年8月31日 9時2分秒,臺南市玉井區台2線 34公里3.公尺處東側向內側,1,自用-小貨車(含客、貨兩用)普通重型-機車
107年8月31日 2時分秒,新竹縣峨眉鄉台3線南向88K處附近,1,自用-小客車乘客-人
107年8月31日 22時25分秒,雲林縣四湖鄉溪尾村雲128鄉道,1,自用-小貨車(含客、貨兩用)乘客-人乘客-人
107年9月1日 時52分秒,新北市雙溪區梅竹蹊路63號前.公尺,1,普通重型-機車乘客-人
107年9月1日 5時1分秒,高雄市苓雅區河南路133之1號前.公尺,1,自用-小客車行人-人
107年9月1日 7時5分24秒,臺南市山上區縣178線 27公里北側,1,大型重型1(55C.C.以上)-機車普通重型-機車
107年9月1日 18時16分秒,臺東縣臺東市光明路東側 / 臺東縣臺東市更生路,1,自用-小客車行人-人
107年9月2日 5時1分秒,桃園市中壢區明德里環中東路2段口 / 桃園市中壢區明德里幸福街口,1,自用-小客車普通重型-機車自用-小客車
107年9月2日 7時5分秒,彰化縣溪州鄉尾厝村大學路 / 彰化縣溪州鄉尾厝村莒光路,1,普通重型-機車普通重型-機車
107年9月2日 1時55分秒,新竹縣竹北市中華路1255巷口,1,普通重型-機車普通重型-機車
107年9月2日 15時7分17秒,臺南市龍崎區崎頂里新市子路12之1號,1,普通重型-機車大型重型1(55C.C.以上)-機車
107年9月4日 3時18分8秒,新竹市北區竹香北路路燈22116號處,1,普通重型-機車乘客-人
107年9月4日 9時44分秒,臺北市士林區承德路4段前.公尺,1,普通重型-機車其他人-人
107年9月4日 17時3分秒,屏東縣屏東市公興路368巷52號前.公尺,1,普通重型-機車
107年9月4日 19時4分秒,高雄市小港區中安路 / 高雄市小港區中安路,1,自用-小貨車(含客、貨兩用)
107年9月4日 23時43分秒,桃園市桃園區永安路213號前(M17987),1,行人-人計程車-小客車
107年9月5日 3時24分秒,新北市汐止區國道1號 32公里北側向外側,1,營業用-小貨車(含客、貨兩用)自用-半聯結車
107年9月5日 6時2分秒,高雄市鳳山區村中山東路 / 高雄市鳳山區埤頂街,1,自用-小客車普通重型-機車乘客-人
107年9月5日 7時55分秒,彰化縣大城鄉公館村青埔路前.公尺,1,自用-小客車自用-小客車乘客-人乘客-人乘客-人乘客-人乘客-人
107年9月5日 8時28分11秒,雲林縣斗六市長林路南側 / 雲林縣斗六市產業道路,1,普通重型-機車自用-小客車
107年9月5日 1時58分秒,臺中市大甲區日南里工六路前.公尺,1,自用-小客車普通重型-機車
107年9月5日 12時4分秒,屏東縣屏東市信和里泰和1之18號,1,普通重型-機車
107年9月5日 15時1分秒,雲林縣土庫鎮馬光路與信義街口,1,普通重型-機車普通重型-機車乘客-人
107年9月5日 15時4分4秒,桃園市中壢區月桃路2段東側 / 桃園市中壢區山大一路,1,自用-大貨車普通重型-機車
107年9月5日 18時57分28秒,新竹縣竹東鎮中正路與工業一路,1,自用-小客車行人-人
107年9月5日 21時12分13秒,新竹縣湖口鄉八德路1段247號前.公尺,1,普通重型-機車
107年9月6日 時5分秒,臺南市南區明興路215號前.公尺北側,1,普通重型-機車
107年9月6日 7時5分59秒,花蓮縣富里鄉台9線 33公里8.公尺處附近向內側,1,普通重型-機車自用-小客車
107年9月6日 9時22分秒,臺中市大肚區大東里自由路前.公尺,1,普通重型-機車普通重型-機車
107年9月6日 9時29分23秒,嘉義縣六腳鄉工廠村嘉59線3K,1,公營客運-大客車普通重型-機車
107年9月6日 11時25分秒,臺中市新社區福興里豐埔公路前.公尺,1,自用-小貨車(含客、貨兩用)乘客-人
107年9月6日 12時分12秒,嘉義縣梅山鄉梅北村中山路937之8號前.公尺南側,1,自用-小客車普通重型-機車乘客-人
107年9月6日 14時8分25秒,花蓮縣花蓮市明禮路8號前.公尺,1,普通重型-機車自用-大貨車自用-小客車
107年9月6日 14時15分33秒,臺南市學甲區仁得里寶發路口 / 臺南市學甲區信義路口,2,普通重型-機車普通重型-機車
107年9月6日 18時4分秒,高雄市旗山區旗屏一路41號前.公尺,1,行人-人自用-小客車
107年9月7日 11時24分秒,宜蘭縣宜蘭市新生路前.公尺,1,腳踏自行車-慢車
107年9月7日 12時18分秒,高雄市小港區村北林路 / 高雄市小港區水秀路,1,普通輕型-機車營業用-大貨車
107年9月7日 14時47分秒,苗栗縣頭份市新華里中正一路692號前.公尺,1,自用-小貨車(含客、貨兩用)普通重型-機車
107年9月7日 19時29分5秒,嘉義縣民雄鄉鎮北村台一線255.1K處,1,普通重型-機車乘客-人
107年9月7日 21時分秒,桃園市平鎮區中興路平鎮段229號前.公尺,1,行人-人自用-小客車行人-人自用-小客車
107年9月8日 時9分秒,高雄市橋頭區成功北路機慢車道號前.公尺,1,普通重型-機車普通重型-機車
107年9月8日 14時42分秒,高雄市楠梓區村土庫三路 / 高雄市楠梓區土庫二路,1,自用-小貨車(含客、貨兩用)普通重型-機車自用-小貨車(含客、貨兩用)
107年9月8日 16時2分秒,臺中市豐原區豐田里5鄰旱溪西路七段489號前.公尺,1,普通重型-機車
107年9月8日 22時26分22秒,宜蘭縣大同鄉台7線97公里8公尺處,1,自用-小客車
107年9月9日 6時分秒,臺中市西屯區廣福里中科路前.公尺,1,普通重型-機車自用-小客車
107年9月1日 時53分秒,高雄市旗山區國道1號 21公里7.公尺處西側向外側,1,普通重型-機車營業用-大貨車
107年9月1日 8時54分秒,新北市樹林區保安街1段 / 新北市樹林區鎮前街,1,民營公車-大客車行人-人
107年9月1日 13時5分秒,臺北市北投區大度路2段前.公尺,1,普通重型-機車
107年9月1日 18時58分2秒,嘉義縣布袋鎮岑海里中山路與新中街口,1,腳踏自行車-慢車營業用-大貨車
107年9月1日 19時35分秒,雲林縣古坑鄉永昌村154乙線19公里處,1,普通重型-機車自用-小貨車(含客、貨兩用)
107年9月11日 11時5分秒,臺東縣池上鄉福原村4鄰中東二路與新生路路口,1,自用-小客車普通重型-機車
107年9月11日 16時49分秒,新北市永和區中正橋道路前.公尺,1,普通重型-機車行人-人
107年9月12日 1時41分秒,新北市板橋區大漢橋路前.公尺,1,自用-小貨車(含客、貨兩用)自用-大貨車乘客-人
107年9月12日 9時28分25秒,南投縣埔里鎮北安里中山路2段、明德二巷口,1,普通重型-機車普通重型-機車
107年9月13日 時5分35秒,宜蘭縣頭城鎮北宜公路58.5K處,1,普通重型-機車
107年9月13日 9時5分秒,臺東縣臺東市台11線 175公里,1,營業用-曳引車自用-小客車遊覽車-大客車
107年9月13日 15時38分24秒,桃園市大溪區台七乙線11.4公里處(O17911百吉所),1,大型重型2(25-55C.C.)-機車
107年9月13日 17時37分秒,桃園市中壢區榮民路271號前.公尺,1,普通重型-機車民營公車-大客車
107年9月13日 19時46分秒,雲林縣水林鄉土厝村雲164公路(水林27A號電桿前),1,普通重型-機車
107年9月14日 11時15分秒,高雄市岡山區村前峰路 / 高雄市岡山區前峰路,1,自用-小客車普通重型-機車
107年9月14日 18時26分秒,新竹市香山區海埔路183巷彩虹橋附近自行車道,1,腳踏自行車-慢車腳踏自行車-慢車
107年9月14日 21時2分秒,臺中市南屯區寶山里嶺東路19之3號前.公尺,1,普通重型-機車
107年9月14日 23時42分7秒,苗栗縣公館鄉國道1號 13公里67.公尺處北側向內側,2,租賃車-小客車乘客-人自用-小客車自用-小客車營業用-大貨車
107年9月15日 4時11分秒,高雄市橋頭區村典昌路典昌高幹18號前.公尺,1,普通重型-機車
107年9月15日 6時44分秒,臺中市外埔區水美里溪底路前.公尺,1,普通重型-機車
107年9月15日 9時6分秒,嘉義縣鹿草鄉西井村鹿環西路近電燈桿海豐1A分9ANO98GD46,1,普通重型-機車自用-小貨車(含客、貨兩用)
107年9月15日 1時6分秒,澎湖縣馬公市西文里縣23線道路口 / 澎湖縣馬公市西文里澎22號道路口,1,自用-小貨車(含客、貨兩用)普通重型-機車
107年9月15日 13時1分秒,彰化縣溪州鄉圳寮村陸軍路 / 彰化縣溪州鄉圳寮村登山路3段,1,自用-小客車普通重型-機車
107年9月15日 21時58分秒,彰化縣二林鎮頂厝里二溪路3段582號前.公尺前,1,自用-小客車
107年9月16日 時25分秒,屏東縣屏東市和生路1段511號前.公尺東側,1,自用-小客車
107年9月16日 9時4分秒,新北市五股區疏洪一路前.公尺,1,自用-小客車普通重型-機車
107年9月16日 14時2分秒,臺南市新化區台2線 15公里2.公尺處,1,普通重型-機車乘客-人
107年9月17日 7時25分15秒,宜蘭縣礁溪鄉礁溪路4段145號,1,營業用-全聯結車普通重型-機車
107年9月17日 9時26分秒,臺中市霧峰區甲寅里民生路92號前.公尺,1,自用-小貨車(含客、貨兩用)普通重型-機車
107年9月17日 1時34分秒,高雄市林園區工業二路前.公尺,1,普通重型-機車
107年9月17日 18時2分秒,高雄市大樹區村興田路19號前.公尺,1,自用-小客車行人-人
107年9月17日 19時48分秒,臺中市神岡區國道4號 13公里2.公尺處西側向內側,1,自用-小客車自用-小客車其他人-人自用-小客車營業用-半聯結車
107年9月18日 1時47分秒,彰化縣和美鎮源埤里太平路329號前.公尺前,1,普通重型-機車
107年9月18日 12時59分秒,新北市樹林區三興街37號前.公尺,1,動力機械-其他車普通重型-機車
107年9月18日 13時36分2秒,苗栗縣後龍鎮東明里下浮尾9號前,1,自用-小客車普通重型-機車
107年9月18日 19時2分秒,新竹市東區光復路二段、東光路口附近,1,普通重型-機車自用-小客車
107年9月19日 9時13分秒,臺北市萬華區環河南路1段 / 臺北市萬華區成都路,1,自用-小貨車(含客、貨兩用)普通重型-機車
107年9月19日 1時18分秒,新北市新莊區中正路 / 新北市新莊區中正路,1,自用-小貨車(含客、貨兩用)普通重型-機車
107年9月19日 17時4分秒,基隆市中山區中華路3號前.公尺,1,自用-小客車行人-人
107年9月19日 18時16分秒,高雄市仁武區仁林路烏林167號前.公尺,1,營業用-曳引車普通重型-機車乘客-人
107年9月2日 5時32分秒,嘉義縣水上鄉水上村良都街(電桿:良都幹5附近),1,普通重型-機車
107年9月2日 8時31分秒,臺北市中山區吉林路 / 臺北市中山區吉林路,1,普通重型-機車普通重型-機車自用-小貨車(含客、貨兩用)
107年9月2日 8時34分秒,臺南市新營區大宏里大同路東側 / 臺南市新營區綠川北街口,1,普通重型-機車自用-小客車乘客-人
107年9月2日 1時4分8秒,新竹縣竹北市福興東路二段與嘉興路口,1,租賃車-小客車普通重型-機車
107年9月2日 23時37分秒,新北市樹林區環漢路5段前.公尺,1,自用-小客車乘客-人
107年9月21日 8時15分47秒,南投縣水里鄉北埔村玉峰橋上,1,普通重型-機車其他慢車-慢車乘客-人
107年9月21日 23時51分秒,臺北市士林區仰德大道1段前.公尺,1,大型重型2(25-55C.C.)-機車
107年9月22日 1時分秒,臺南市南區西門路1段北側 / 臺南市南區新都路,1,普通重型-機車
107年9月22日 3時3分秒,新竹縣芎林鄉國道3號 84公里4.公尺處北側向外側,1,營業用-半聯結車
107年9月22日 5時4分48秒,南投縣埔里鎮桃米路,2,普通重型-機車乘客-人
107年9月22日 5時55分秒,宜蘭縣員山鄉隘界路前.公尺東側,1,腳踏自行車-慢車
107年9月22日 9時9分56秒,新竹市香山區南港街前.公尺,1,普通重型-機車
107年9月22日 19時25分秒,臺南市北門區玉港里南12線灰磘港126號前,2,普通重型-機車普通重型-機車乘客-人
107年9月22日 21時1分秒,臺中市霧峰區四德里新埔路16巷前.公尺,1,普通重型-機車
107年9月23日 5時33分秒,臺北市大安區其他,1,租賃車-小客車普通重型-機車普通重型-機車普通重型-機車普通重型-機車普通重型-機車普通重型-機車普通重型-機車普通重型-機車普通重型-機車普通輕型-機車
107年9月23日 8時43分秒,屏東縣枋山鄉台1線 442公里6.公尺處南側向內側,1,普通重型-機車自用-小貨車(含客、貨兩用)自用-小客車
107年9月23日 23時4分秒,臺中市大肚區頂街里萬興路98號前.公尺,1,自用-小客車普通重型-機車普通重型-機車
107年9月23日 23時4分3秒,臺南市麻豆區縣176線 25公里1.公尺處東側向路肩,1,電動自行車-慢車
107年9月24日 4時55分11秒,桃園市龜山區大同路(愛彌兒幼兒園旁),1,行人-人普通重型-機車
107年9月24日 13時38分47秒,新竹縣尖石鄉新樂村竹12縣道34.2公里處,1,普通重型-機車自用-小客車
107年9月24日 15時43分4秒,新竹縣新豐鄉竹6線與中崙產業道路路口,1,普通重型-機車普通重型-機車
107年9月24日 21時24分秒,屏東縣崁頂鄉屏東線 43.公里388.公尺旗官路平交道,1,普通重型-機車火車-其他車
107年9月25日 1時28分秒,臺南市安平區安平路124號前.公尺,1,普通重型-機車普通重型-機車普通重型-機車普通重型-機車普通重型-機車普通重型-機車
107年9月25日 1時33分秒,臺中市南屯區永定里永春東七路前.公尺,1,普通重型-機車普通重型-機車乘客-人
107年9月25日 4時2分秒,金門縣金湖鎮黃海路1382柱路燈桿路段,1,自用-小客車乘客-人
107年9月25日 6時55分秒,桃園市楊梅區上田里和平路162號旁,1,腳踏自行車-慢車自用-小貨車(含客、貨兩用)
107年9月25日 8時18分秒,高雄市鳥松區村中正路399號前.公尺,1,普通重型-機車自用-小客車自用-小客車
107年9月25日 9時16分31秒,臺南市學甲區新達里市道174線瓦寮2-16號前.公尺,1,普通重型-機車
107年9月25日 9時33分秒,臺南市永康區網寮里永二街口 / 臺南市永康區網寮里高速公路往北便道口,1,自用-大貨車普通輕型-機車
107年9月25日 17時22分秒,苗栗縣西湖鄉國道3號 137公里3.公尺處北側向外側,1,營業用-半聯結車自用-小客車自用-小貨車(含客、貨兩用)自用-小貨車(含客、貨兩用)自用-小貨車(含客、貨兩用)自用-大貨車自用-小客車營業用-半聯結車自用-小客車自用-小客車乘客-人乘客-人乘客-人乘客-人乘客-人
107年9月25日 18時4分秒,新竹市東區南大路口 / 新竹市東區東南街,1,自用-小客車行人-人行人-人
107年9月26日 11時28分秒,彰化縣和美鎮地潭里彰新路6段325號前.公尺前,1,普通重型-機車
107年9月26日 13時27分秒,臺中市西屯區協和里工業區一路125號前.公尺,1,普通重型-機車
107年9月26日 14時8分秒,嘉義縣東石鄉縣166線 8公里3.公尺處,1,自用-小貨車(含客、貨兩用)普通重型-機車
107年9月27日 5時33分53秒,嘉義縣民雄鄉國道1號 254公里7.公尺處南側向外側,1,營業用-半聯結車
107年9月27日 16時29分秒,臺中市北區新興里雙十路前.公尺,1,自用-小客車普通重型-機車
107年9月27日 16時35分38秒,新竹縣竹東鎮中興路2段111號前.公尺,1,普通重型-機車自用-小貨車(含客、貨兩用)
107年9月27日 17時5分22秒,嘉義縣水上鄉中庄村3鄰中庄61-46號前,1,普通重型-機車
107年9月28日 19時45分秒,彰化縣社頭鄉橋頭村中山路3段前 / 彰化縣社頭鄉橋頭村中山路3段,1,電動自行車-慢車普通重型-機車
107年9月29日 5時39分秒,臺中市南屯區豐樂里文心南路前.公尺,1,普通重型-機車
107年9月29日 14時3分秒,新北市淡水區中山北路1段 / 新北市淡水區大忠街,1,自用-小客車行人-人
107年9月29日 14時4分57秒,新竹縣新豐鄉青埔村4鄰48號前,1,普通重型-機車自用-小客車
107年9月3日 時59分秒,雲林縣麥寮鄉橋頭村橋頭路48之298號前.公尺附近,1,自用-小客車
107年9月3日 1時1分2秒,桃園市八德區廣興路北側 / 桃園市八德區廣興路,1,普通重型-機車
107年9月3日 4時2分秒,新北市永和區環河西路2段 / 新北市永和區環河西路2段,1,普通重型-機車
107年9月3日 8時分6秒,新竹縣新豐鄉鳳鼻隧道67.5K旁,1,普通重型-機車腳踏自行車-慢車
107年9月3日 12時8分秒,金門縣金城鎮民權路156號「大同3C」前路段,1,腳踏自行車-慢車普通重型-機車
107年9月3日 16時分秒,基隆市中正區北寧路2號前.公尺,1,行人-人普通重型-機車普通重型-機車乘客-人
107年9月3日 22時4分47秒,南投縣竹山鎮鯉南路-鯉魚幹28右分4桿前,1,普通重型-機車
107年9月3日 23時2分秒,彰化縣二林鎮頂厝里二溪路3段前.公尺,1,自用-小客車
107年1月1日 8時16分秒,彰化縣彰化市西安里曉陽路前.公尺,1,普通重型-機車行人-人普通重型-機車乘客-人
107年1月1日 8時54分秒,屏東縣麟洛鄉中山路與民族路口,1,普通重型-機車自用-小貨車(含客、貨兩用)
107年1月1日 1時1分秒,屏東縣屏東市海豐街36之4號前.公尺,1,普通重型-機車自用-小客車自用-小貨車(含客、貨兩用)自用-小客車自用-小客車
107年1月1日 1時13分秒,桃園市八德區廣興路口 / 桃園市八德區新興路口,1,自用-大貨車普通重型-機車
107年1月1日 12時1分秒,臺北市中正區市民大道1段 / 臺北市中正區承德路1段,1,行人-人普通重型-機車
107年1月1日 14時44分37秒,新竹縣芎林鄉秀湖村富林路1段5號前.公尺東側,1,普通重型-機車
107年1月1日 17時54分秒,彰化縣溪湖鎮北勢里二溪路2段29號前.公尺西側,1,腳踏自行車-慢車自用-小貨車(含客、貨兩用)
107年1月1日 18時45分秒,雲林縣西螺鎮新豐里福來路251447號路燈前,1,自用-小貨車(含客、貨兩用)行人-人
107年1月2日 5時1分42秒,屏東縣林邊鄉仁和村中山路447-1號,1,行人-人自用-小貨車(含客、貨兩用)
107年1月2日 6時25分秒,屏東縣屏東市自由路附近 / 屏東縣屏東市建華一街附近,1,自用-小客車普通重型-機車
107年1月2日 6時55分秒,嘉義縣義竹鄉埤前村產業道路埤前7分15電力桿旁,1,普通重型-機車
107年1月2日 7時49分12秒,新竹縣新豐鄉鳳坑村718號,1,普通重型-機車自用-小客車
107年1月2日 9時15分35秒,苗栗縣卓蘭鎮縣14線 31公里4.公尺處附近向外側,1,自用-小客車行人-人
107年1月2日 1時5分秒,雲林縣斗六市西平路北側 / 雲林縣斗六市明德北路,1,營業用-全聯結車腳踏自行車-慢車
107年1月2日 11時36分秒,高雄市橋頭區村成功北路前.公尺,1,自用-小客車大型重型1(55C.C.以上)-機車
107年1月2日 2時23分秒,基隆市中正區北寧路25-8號前.公尺,1,普通重型-機車自用-小貨車(含客、貨兩用)乘客-人
107年1月2日 23時17分秒,彰化縣彰化市成功里中山路2段 / 彰化縣彰化市成功里仁愛路,1,普通輕型-機車自用-小客車
107年1月3日 1時57分3秒,新竹市北區成德路附近 / 新竹市北區成德一街附近,1,普通重型-機車
107年1月3日 6時55分秒,高雄市旗山區村旗南三路前.公尺,1,自用-小貨車(含客、貨兩用)普通重型-機車
107年1月3日 1時2分秒,高雄市新興區村八德一路32號前.公尺,1,腳踏自行車-慢車普通重型-機車自用-大貨車
107年1月3日 11時3分秒,高雄市鹽埕區村大勇路 / 高雄市鹽埕區大仁路,1,自用-小客車普通重型-機車
107年1月3日 16時2分秒,臺中市太平區東汴里長龍路四段前.公尺,1,自用-小客車普通重型-機車
107年1月4日 1時57分54秒,新竹縣竹東鎮中興路1段86-2號前.公尺附近,1,自用-小客車自用-小貨車(含客、貨兩用)自用-小客車
107年1月4日 7時45分秒,彰化縣埔鹽鄉廍子村彰水路2段 / 彰化縣埔鹽鄉廍子村光明路1段,1,營業用-大貨車普通重型-機車
107年1月4日 2時4分秒,桃園市大園區水源路658號前.公尺,1,普通重型-機車
107年1月5日 11時23分秒,新竹縣竹北市華興街11號,1,普通重型-機車民營公車-大客車
107年1月5日 15時54分秒,新竹市北區東大路4段口 / 新竹市北區西濱公路,1,營業用-曳引車普通重型-機車
107年1月5日 16時16分36秒,屏東縣竹田鄉國道3號 414公里7.公尺處南側向內側,1,自用-小貨車(含客、貨兩用)自用-大貨車自用-小貨車(含客、貨兩用)自用-小客車自用-小客車自用-小客車自用-小客車自用-小客車自用-小客車乘客-人
107年1月5日 23時26分秒,新北市泰山區新北大道 / 新北市泰山區泰林路,1,自用-小客車普通重型-機車普通重型-機車普通重型-機車乘客-人
107年1月6日 時5分8秒,南投縣名間鄉縣139乙線 8公里西側向爬坡,1,自用-小客車普通重型-機車
107年1月6日 7時37分秒,基隆市中山區湖海路一段海興游泳池前,1,普通重型-機車行人-人
107年1月7日 5時38分32秒,桃園市大溪區介壽路口 / 桃園市大溪區大綸街口,1,普通重型-機車自用-小客車乘客-人
107年1月7日 8時56分秒,嘉義縣中埔鄉和睦村富裕路667號前,1,自用-小客車普通重型-機車
107年1月8日 1時3分秒,臺南市新化區北勢里北勢路4號前.公尺,1,普通重型-機車
107年1月8日 12時59分秒,桃園市龍潭區中興路553巷1之1號前.公尺東側,1,自用-大貨車普通重型-機車
107年1月8日 14時25分秒,嘉義縣東石鄉東石村彩霞大道16號前.公尺,1,普通重型-機車普通重型-機車
107年1月8日 15時15分53秒,臺南市歸仁區七甲里南丁路東側 / 臺南市歸仁區七甲里丁厝街西側,1,普通重型-機車自用-小貨車(含客、貨兩用)乘客-人
107年1月8日 18時8分秒,臺南市佳里區忠孝路242號附近,1,行人-人自用-小貨車(含客、貨兩用)
107年1月8日 18時2分秒,嘉義市西區福全里友愛路前.公尺,1,自用-小客車行人-人
107年1月8日 21時3分秒,雲林縣斗六市中興路132段37號附近,1,普通重型-機車
107年1月9日 7時51分秒,屏東縣屏東市環河路北側 / 屏東縣屏東市堤防產業道路,1,營業用-曳引車普通重型-機車
107年1月9日 12時分秒,雲林縣古坑鄉新庄村雲213線新光段旁產業道路旁下方竹林,1,腳踏自行車-慢車
107年1月9日 13時7分秒,彰化縣福興鄉番社村柳橋路6段前.公尺,1,普通重型-機車自用-小貨車(含客、貨兩用)乘客-人
107年1月9日 16時56分21秒,花蓮縣壽豐鄉豐裡村中山路口 / 花蓮縣壽豐鄉豐裡村豐正路口,1,普通輕型-機車自用-小客車
107年1月9日 17時5分秒,臺南市新營區民榮里新榮路西側 / 臺南市新營區民榮里新榮四街北側,1,普通重型-機車自用-小客車自用-小客車
107年1月1日 7時分14秒,臺南市麻豆區巷口里新生南路611號前.公尺,1,自用-小客車
107年1月11日 12時15分42秒,宜蘭縣頭城鎮頭城火車站前,1,自用-小客車普通重型-機車乘客-人普通重型-機車行人-人行人-人
107年1月11日 17時45分秒,臺北市松山區南京東路4段21號前.公尺,3,自用-小客車行人-人行人-人行人-人自用-小貨車(含客、貨兩用)普通重型-機車普通重型-機車普通重型-機車普通重型-機車普通重型-機車普通重型-機車普通重型-機車普通重型-機車普通重型-機車普通重型-機車普通重型-機車
107年1月12日 1時1分秒,高雄市燕巢區國道1號 19公里1.公尺處東側向外側,1,營業用-小貨車(含客、貨兩用)自用-大貨車
107年1月12日 2時24分秒,高雄市鳳山區國道1號 369公里4.公尺處南側向中內,1,電動自行車-慢車自用-小貨車(含客、貨兩用)自用-小客車乘客-人
107年1月12日 8時58分秒,高雄市鳳山區村建國路1段 / 高雄市鳳山區鳳仁路,1,營業用-曳引車普通重型-機車
107年1月12日 12時45分秒,臺南市玉井區台2線 31公里6.公尺處東側向外側,1,自用-小客車乘客-人
107年1月12日 16時9分秒,臺中市龍井區忠和里臨港路二段65號前.公尺,1,營業用-半聯結車普通重型-機車
107年1月13日 3時33分13秒,桃園市蘆竹區國道2號 5公里3.公尺處西側向交流道,1,計程車-小客車乘客-人
107年1月13日 8時18分秒,臺中市大肚區國道1號 188公里7.公尺處北側向中線,1,自用-小客車自用-小貨車(含客、貨兩用)
107年1月13日 1時1分秒,嘉義縣番路鄉江西村159甲線號公路7.7公里附近,1,普通重型-機車
107年1月13日 1時15分秒,高雄市內門區內門94號號前.公尺,1,電動自行車-慢車普通重型-機車
107年1月13日 17時24分秒,新北市板橋區華江一路 / 新北市板橋區華江二路,1,普通重型-機車自用-小貨車(含客、貨兩用)
107年1月14日 17時38分52秒,屏東縣牡丹鄉旭海村旭海路42之1號前.公尺,1,行人-人自用-小客車
107年1月15日 4時3分58秒,宜蘭縣三星鄉健富路1段北側 / 宜蘭縣三星鄉上將路5段東側,1,自用-小貨車(含客、貨兩用)營業用-曳引車
107年1月15日 9時15分秒,臺北市北投區大度路2段 / 臺北市北投區大度路2段,1,消防車-特種車
107年1月15日 11時46分秒,臺中市東區東門路28巷前.公尺,1,普通重型-機車自用-小客車
107年1月15日 16時11分秒,高雄市大寮區村立德路149號前.公尺,1,普通重型-機車普通重型-機車
107年1月15日 16時15分秒,彰化縣埔鹽鄉永平村番金路前.公尺,1,普通重型-機車自用-小貨車(含客、貨兩用)乘客-人
107年1月15日 22時1分秒,新北市板橋區文化路1段 / 新北市板橋區民權路,1,自用-小客車普通重型-機車
107年1月16日 9時25分1秒,桃園市八德區大福里介壽路1段與國道2號橋下便道口,1,普通重型-機車自用-小貨車(含客、貨兩用)
107年1月16日 11時52分秒,高雄市前金區村中華四路 / 高雄市前金區新田路,1,普通重型-機車自用-小貨車(含客、貨兩用)
107年1月16日 13時8分23秒,新竹市東區寶山路2號,1,普通重型-機車普通重型-機車普通重型-機車普通重型-機車
107年1月16日 2時29分秒,高雄市三民區村九如三路268巷前.公尺,1,普通重型-機車
107年1月17日 6時27分2秒,臺南市官田區隆田里中山路2段191之1號前.公尺,1,普通重型-機車
107年1月18日 7時11分秒,高雄市路竹區村大公路華山路號前.公尺,1,普通重型-機車
107年1月18日 7時35分8秒,南投縣埔里鎮水頭里水頭路18號北側,1,腳踏自行車-慢車自用-小客車
107年1月18日 17時31分秒,金門縣金寧鄉瓊安路安岐路口,1,自用-小客車普通重型-機車
107年1月19日 7時37分秒,臺中市清水區菁埔里中華北路前.公尺,1,普通重型-機車自用-小貨車(含客、貨兩用)
107年1月19日 12時35分33秒,雲林縣東勢鄉龍潭村158線道路口近152526電桿,1,普通重型-機車自用-小客車
107年1月19日 13時47分47秒,屏東縣屏東市環河路,1,自用-小客車
107年1月19日 16時2分4秒,花蓮縣秀林鄉和平村和平路28-12號前.公尺西側,1,行人-人租賃車-小客車自用-小客車
107年1月19日 17時59分秒,臺北市文山區萬美街1段 / 臺北市文山區萬安街,1,自用-小客車行人-人
107年1月2日 1時27分48秒,臺南市下營區國道1號 297公里5.公尺處南側向內側,2,自用-小客車自用-小客車自用-小客車乘客-人乘客-人乘客-人
107年1月2日 2時分秒,雲林縣西螺鎮埤頭里籃厝公墓(廣興枝54號電桿處),1,普通重型-機車
107年1月2日 8時2分秒,新北市三重區重新堤外道路前.公尺,1,普通重型-機車
107年1月2日 21時29分秒,新北市新莊區壽山路 / 新北市新莊區無名路,1,自用-小貨車(含客、貨兩用)普通重型-機車普通重型-機車
107年1月2日 23時56分秒,臺中市神岡區圳堵里神清路214號前.公尺,1,自用-小客車行人-人
107年1月21日 6時59分秒,新北市五股區9號越堤道前.公尺,1,普通重型-機車
107年1月21日 9時46分秒,高雄市大寮區村鳳林四路14號前.公尺,1,普通重型-機車普通重型-機車
107年1月21日 15時23分秒,新北市五股區疏洪六路前.公尺,1,普通輕型-機車民營客運-大客車
107年1月21日 17時44分秒,屏東縣南州鄉勝利路153號,1,普通重型-機車行人-人
107年1月21日 18時5分7秒,臺南市南區夏林路26號前.公尺,1,自用-小客車行人-人
107年1月21日 2時48分秒,臺南市新化區太平里中正路口 / 臺南市新化區太平里中正路,1,自用-小客車普通重型-機車
107年1月21日 21時39分秒,新北市新莊區大漢橋路前.公尺,1,行人-人自用-小客車
107年1月22日 9時5分36秒,苗栗縣後龍鎮國道3號 128公里北側向內側,1,營業用-半聯結車自用-小貨車(含客、貨兩用)乘客-人乘客-人自用-小客車自用-小客車自用-小貨車(含客、貨兩用)
107年1月22日 19時21分秒,新北市中和區興南路2段46號前.公尺,1,普通重型-機車民營客運-大客車
107年1月23日 9時35分秒,臺南市柳營區台1線 295公里1.公尺處北側向外側,1,普通重型-機車
107年1月23日 12時13分秒,高雄市三民區村建工路58號前.公尺前,1,自用-小客車腳踏自行車-慢車普通重型-機車普通重型-機車普通重型-機車普通重型-機車普通重型-機車普通重型-機車普通重型-機車普通重型-機車普通重型-機車普通重型-機車普通重型-機車普通重型-機車普通重型-機車普通重型-機車普通重型-機車普通重型-機車普通重型-機車普通重型-機車普通重型-機車普通重型-機車腳踏自行車-慢車腳踏自行車-慢車
107年1月23日 14時8分秒,南投縣集集鎮台16線 7公里7.公尺處東側向外側,1,營業用-半聯結車普通重型-機車
107年1月24日 8時55分秒,臺中市沙鹿區六路里臺灣大道路六段前.公尺,1,普通重型-機車行人-人
107年1月24日 1時42分秒,新北市土城區裕民路153號前.公尺,1,自用-小客車行人-人
107年1月25日 14時1分秒,屏東縣潮州鎮民安路與復興路41巷口,1,普通重型-機車普通重型-機車
107年1月25日 17時21分秒,新北市淡水區中山北路1段 / 新北市淡水區大義街,1,自用-小貨車(含客、貨兩用)行人-人
107年1月25日 21時47分48秒,嘉義縣民雄鄉國道1號 257公里北側向外側,2,營業用-大貨車乘客-人
107年1月26日 時27分32秒,雲林縣虎尾鎮延平里145公路中南35-1號,1,普通重型-機車自用-小客車
107年1月26日 3時16分秒,桃園市中壢區中園路2段口 / 桃園市中壢區內定九街口,1,自用-小客車普通重型-機車
107年1月26日 12時分52秒,臺南市仁德區保安里二仁路1段前.公尺,1,普通重型-機車腳踏自行車-慢車
107年1月27日 9時45分秒,新竹市北區中正路東側 / 新竹市北區鐵道路3段東側,1,自用-小客車普通重型-機車
107年1月28日 9時52分秒,臺南市柳營區中埕里柳營路南側 / 臺南市柳營區中埕里長榮路東側,1,自用-小客車普通重型-機車
107年1月28日 9時55分秒,雲林縣林內鄉林北村中正東路4-2號前.公尺,1,自用-小客車乘客-人
107年1月28日 14時3分秒,桃園市大溪區埔頂路1段口 / 桃園市大溪區埔頂路1段口,1,普通重型-機車自用-小貨車(含客、貨兩用)乘客-人
107年1月28日 22時44分秒,桃園市楊梅區永美路口 / 桃園市楊梅區永美路口,1,自用-小貨車(含客、貨兩用)普通重型-機車乘客-人
107年1月3日 時33分秒,新北市新莊區思源路 / 新北市新莊區長青街,1,普通重型-機車自用-小客車
107年1月31日 18時3分3秒,臺南市關廟區山西里南雄路2段527號前.公尺附近,1,普通重型-機車自用-小客車
107年1月31日 18時31分秒,嘉義縣竹崎鄉灣橋村159線25公里4公尺處,1,自用-小客車普通重型-機車
107年11月1日 時分5秒,桃園市八德區東勇街51號,1,普通重型-機車自用-小客車自用-小客車
107年11月1日 7時56分42秒,桃園市中壢區高鐵北路2段口 / 桃園市中壢區領航南路4段口,1,營業用-全聯結車行人-人
107年11月1日 1時1分2秒,南投縣埔里鎮東興一街口 / 南投縣埔里鎮民富路口,1,自用-小貨車(含客、貨兩用)行人-人
107年11月1日 17時分秒,雲林縣水林鄉松北村雲153公路公所路燈9115號前,1,大型重型2(25-55C.C.)-機車
107年11月1日 17時3分48秒,南投縣草屯鎮北勢里玉屏路41之5號西側,1,普通重型-機車行人-人
107年11月2日 時14分秒,彰化縣彰化市陽明里三民路 / 彰化縣彰化市陽明里建國南路,2,自用-小客車普通重型-機車乘客-人
107年11月2日 1時4分秒,桃園市大溪區員林路1段口 / 桃園市大溪區新興街口,1,普通重型-機車公營客運-大客車
107年11月2日 17時31分秒,新竹縣新埔鎮文山里文山路48號西側,1,行人-人普通重型-機車乘客-人
107年11月2日 17時59分秒,高雄市大寮區里188縣道2449路燈號前.公尺,1,普通重型-機車
107年11月2日 18時24分秒,新北市汐止區大同路2段 / 新北市汐止區大同路2段,1,自用-小客車普通重型-機車
107年11月3日 9時4分秒,雲林縣四湖鄉羊調村中洋北路17號前.公尺附近,1,自用-小客車普通重型-機車
107年11月3日 13時35分2秒,雲林縣崙背鄉大有村產業道路(防汛道路)W89 2777575號電表處,1,普通重型-機車
107年11月4日 5時12分秒,新北市三重區重新路5段 / 新北市三重區光復路,1,普通重型-機車自用-小客車
107年11月4日 6時5分秒,新北市新莊區中正路51號前.公尺,1,自用-小客車
107年11月4日 8時42分秒,高雄市三民區里中華三路 / 高雄市三民區三民街,1,自用-小客車普通重型-機車普通重型-機車自用-小客車自用-小客車
107年11月4日 12時35分14秒,屏東縣屏東市台1線 392.8公里北側向機、慢車道,1,普通重型-機車其他人-人
107年11月4日 12時53分秒,嘉義縣大埔鄉台3線 349公里7.公尺處北側,1,普通重型-機車
107年11月4日 14時45分53秒,南投縣鹿谷鄉瑞田村集連巷2號旁,1,普通重型-機車
107年11月4日 16時27分秒,臺北市士林區中山北路5段6號前.公尺,1,大型重型1(55C.C.以上)-機車自用-小客車
107年11月4日 17時28分48秒,花蓮縣壽豐鄉池南村池南路2段58號前.公尺東側,1,普通重型-機車自用-小貨車(含客、貨兩用)
107年11月4日 19時35分秒,彰化縣員林市林厝里東彰路9段 / 彰化縣員林市林厝里山腳路1段,1,腳踏自行車-慢車自用-小客車
107年11月5日 6時26分秒,臺北市松山區富錦街 / 臺北市松山區新東街,1,自用-小貨車(含客、貨兩用)行人-人
107年11月5日 8時5分秒,嘉義縣太保市後潭里產業道路(近衛生所),1,自用-小客車普通重型-機車
107年11月5日 13時36分24秒,臺南市仁德區中洲85號之1(中洲保安宮前路口),1,自用-小客車普通重型-機車
107年11月6日 6時37分秒,桃園市中壢區中榮里中正路南側 / 桃園市中壢區中榮里延平路口,1,民營客運-大客車行人-人
107年11月6日 8時23分38秒,臺南市新化區台2線 16公里4.公尺處南側向內側,1,普通重型-機車自用-小客車
107年11月6日 8時38分秒,臺北市中山區民權東路3段 / 臺北市中山區復興北路,1,普通重型-機車行人-人
107年11月6日 9時3分秒,臺南市玉井區台84線 4公里8.公尺處口,1,自用-小客車普通重型-機車
107年11月6日 17時12分秒,彰化縣二林鎮豐田里太平路 / 彰化縣二林鎮豐田里正思街,1,自用-小貨車(含客、貨兩用)腳踏自行車-慢車
107年11月6日 2時3分秒,新北市石碇區碇坪路1段78號號前1.公尺,1,行人-人民營公車-大客車
107年11月6日 21時31分秒,屏東縣長治鄉德和路51號燈桿約1公尺處,1,普通重型-機車
107年11月6日 22時57分秒,嘉義市西區保福里世賢路1段前.公尺,1,自用-小客車普通重型-機車
107年11月7日 11時分12秒,宜蘭縣礁溪鄉武暖路口 / 宜蘭縣礁溪鄉南北十一路口,1,計程車-小客車自用-小客車乘客-人
107年11月7日 15時54分秒,新竹市東區明湖路52號前.公尺,1,普通重型-機車普通重型-機車
107年11月7日 19時7分秒,桃園市楊梅區梅獅路2段口 / 桃園市楊梅區蘋果路口,1,普通重型-機車
107年11月8日 12時28分秒,新竹市北區新竹臺大醫院前,1,自用-小客車普通重型-機車普通重型-機車自用-小客車自用-小客車普通重型-機車乘客-人自用-小客車
107年11月8日 19時5分秒,花蓮縣新城鄉嘉里路口 / 花蓮縣新城鄉嘉新路口,1,普通重型-機車自用-小客車乘客-人乘客-人
107年11月8日 21時46分秒,高雄市仁武區村水管路3段512號前.公尺,1,普通重型-機車
107年11月8日 22時2分21秒,南投縣中寮鄉義和村永平路447-15號前1.公尺北側,1,普通重型-機車
107年11月9日 時26分秒,桃園市桃園區介壽路555巷132之1號前.公尺南側,1,普通重型-機車
107年11月9日 4時41分秒,臺中市大雅區文雅里中山北路199巷前.公尺,1,自用-小客車行人-人
107年11月9日 4時5分秒,宜蘭縣宜蘭市慈安路35號前.公尺南側,1,自用-小客車腳踏自行車-慢車
107年11月9日 6時18分秒,新竹縣新埔鎮竹115線33.5K處,1,普通重型-機車
107年11月9日 7時9分秒,臺北市大安區光復南路22號前.公尺,1,自用-小客車普通重型-機車
107年11月9日 14時51分秒,臺中市梧棲區頂寮里四維中路157巷前.公尺,1,自用-小客車自用-小客車普通重型-機車
107年11月9日 18時1分秒,屏東縣長治鄉永興路11之3號前.公尺,1,普通重型-機車腳踏自行車-慢車
107年11月9日 19時3分秒,彰化縣彰化市阿夷里建國北路 / 彰化縣彰化市阿夷里建國東路,1,普通重型-機車自用-小客車
107年11月9日 22時4分秒,高雄市鳥松區松藝路鳥松28燈號前.公尺,1,普通重型-機車
107年11月1日 6時16分秒,臺中市太平區永成里長億路前.公尺,1,民營公車-大客車行人-人
107年11月1日 8時16分秒,臺北市萬華區西藏路 / 臺北市萬華區萬大路,1,營業用-半聯結車腳踏自行車-慢車
107年11月1日 8時26分45秒,花蓮縣新城鄉順安村北三棧2號前4.公尺北側,1,自用-小客車乘客-人乘客-人乘客-人乘客-人
107年11月1日 1時25分秒,新北市板橋區浮洲橋機車專用道前.公尺,1,普通重型-機車
107年11月1日 13時36分秒,新竹縣竹北市自強南路與文興路,1,自用-小客車自用-小客車自用-小客車普通重型-機車行人-人
107年11月1日 17時25分秒,嘉義縣中埔鄉和興村中華路727號前.公尺,1,普通重型-機車自用-小客車自用-小貨車(含客、貨兩用)
107年11月1日 21時54分秒,高雄市三民區里吉林街263號前.公尺,1,普通重型-機車行人-人行人-人
107年11月11日 5時14分秒,宜蘭縣冬山鄉協松路51號前.公尺附近,1,普通重型-機車行人-人
107年11月11日 1時11分秒,新北市坪林區北宜公路前.公尺,1,大型重型2(25-55C.C.)-機車
107年11月11日 16時4分秒,南投縣國姓鄉台14線 45公里附近,1,普通重型-機車乘客-人
107年11月12日 13時5分秒,高雄市路竹區里順安路 / 高雄市路竹區新興路,1,自用-大貨車普通重型-機車普通重型-機車
107年11月12日 14時35分秒,彰化縣芳苑鄉漢寶村草漢路漢寶段61弄前.公尺,1,普通重型-機車自用-大貨車
107年11月12日 14時44分59秒,屏東縣新園鄉平和路西側 / 屏東縣新園鄉新南路南側,1,普通重型-機車普通重型-機車
107年11月12日 17時48分37秒,屏東縣獅子鄉台九線469.8K 往台東,1,自用-小貨車(含客、貨兩用)營業用-曳引車
107年11月12日 2時1分秒,新北市蘆洲區三民路 / 新北市蘆洲區民族路,1,腳踏自行車-慢車普通重型-機車
107年11月12日 23時4分28秒,彰化縣和美鎮國道3號 193公里5.公尺處南側向外側,1,自用-小客車自用-小客車自用-小客車其他人-人其他人-人其他人-人
107年11月13日 9時54分秒,高雄市小港區里北林路前.公尺,1,營業用-半聯結車普通重型-機車
107年11月13日 1時31分秒,雲林縣西螺鎮大新里154公路,1,大型重型2(25-55C.C.)-機車
107年11月13日 17時57分秒,高雄市岡山區里大仁北路46號前.公尺,1,普通重型-機車腳踏自行車-慢車
107年11月13日 18時31分秒,臺北市中山區堤頂大道2段 / 臺北市中山區樂群二路,1,大型重型2(25-55C.C.)-機車自用-小客車
107年11月13日 18時38分42秒,桃園市大溪區康莊路與月眉路口(O171112南雅所),1,自用-小貨車(含客、貨兩用)普通重型-機車乘客-人
107年11月13日 23時1分36秒,雲林縣東勢鄉台78線,1,自用-小貨車(含客、貨兩用)自用-小客車乘客-人乘客-人
107年11月14日 9時4分秒,嘉義縣民雄鄉福樂村埤角336號,1,自用-小客車普通重型-機車普通重型-機車普通重型-機車營業用-大貨車普通重型-機車
107年11月14日 9時31分19秒,臺南市新營區太北里省道臺19甲線太子宮146之6號前8.公尺,1,自用-小貨車(含客、貨兩用)普通重型-機車
107年11月14日 9時4分8秒,臺南市關廟區埤頭里關新路2段西側 / 臺南市關廟區埤頭里關新路2段東側,1,自用-小貨車(含客、貨兩用)普通重型-機車
107年11月14日 19時35分46秒,雲林縣斗六市產業道路大B61電桿前,1,普通重型-機車
107年11月15日 12時55分1秒,南投縣國姓鄉石門村中興路5號前.公尺北側,1,自用-小貨車(含客、貨兩用)自用-小客車乘客-人乘客-人乘客-人乘客-人乘客-人乘客-人
107年11月15日 2時47分秒,臺東縣卑南鄉台東縣卑南鄉東興村比利良產業道路,1,自用-小貨車(含客、貨兩用)普通重型-機車
107年11月16日 12時13分55秒,宜蘭縣宜蘭市民權路3段96號前.公尺附近,1,普通重型-機車自用-大貨車乘客-人
107年11月16日 13時55分秒,新竹縣竹北市國道1號 91公里5.公尺處北側向外側,1,營業用-大貨車自用-小客車
107年11月16日 15時15分秒,臺南市白河區縣165線 11公里南側向內側,1,自用-大貨車普通重型-機車
107年11月16日 16時3分秒,高雄市路竹區里復興路 / 高雄市路竹區復興路,1,普通重型-機車營業用-大貨車
107年11月16日 16時51分秒,金門縣金城鎮環島北路一段61號「世明傢俱」前,1,自用-小貨車(含客、貨兩用)普通重型-機車
107年11月17日 6時45分秒,臺北市士林區中正路35巷前.公尺,1,自用-小貨車(含客、貨兩用)行人-人
107年11月17日 15時4分秒,臺北市中山區民權東路3段 / 臺北市中山區龍江路,1,普通重型-機車行人-人
107年11月17日 21時58分秒,臺中市大里區金城里文化街59號前.公尺,1,普通重型-機車自用-小客車乘客-人
107年11月17日 22時2分秒,臺北市中山區民生東路1段 / 臺北市中山區林森北路,1,遊覽車-大客車行人-人
107年11月18日 3時13分秒,新北市金山區臺2甲線道路前.公尺,1,普通重型-機車自用-小客車
107年11月18日 5時6分秒,彰化縣二林鎮後厝里太平路1段78號前.公尺,1,自用-小客車行人-人自用-小客車
107年11月18日 1時3分4秒,嘉義縣大林鎮三和里162線1K處,1,普通重型-機車自用-小客車
107年11月18日 11時5分秒,臺中市西區土庫里五權西路一段237號前.公尺,1,行人-人自用-小客車
107年11月18日 14時56分25秒,屏東縣佳冬鄉大安街與和平路口,1,普通重型-機車自用-小客車
107年11月18日 21時17分52秒,桃園市大園區橫峰里中山南路一段6.5K附近,1,普通重型-機車
107年11月19日 5時23分秒,臺東縣臺東市新生路158號前.公尺,1,行人-人自用-小貨車(含客、貨兩用)
107年11月19日 1時22分秒,桃園市中壢區中園路2段口 / 桃園市中壢區萬能路口,1,普通重型-機車營業用-曳引車
107年11月19日 16時4分秒,彰化縣芳苑鄉文津村芳草路文津段127號前.公尺,1,普通重型-機車普通重型-機車
107年11月19日 18時55分秒,高雄市三民區里汾陽路 / 高雄市三民區黃興路,1,自用-小客車行人-人
107年11月19日 23時58分38秒,臺東縣臺東市知本路3段東側 / 臺東縣臺東市康定街,1,普通重型-機車營業用-大貨車
107年11月2日 時56分秒,宜蘭縣蘇澳鎮海山東路東側 / 宜蘭縣蘇澳鎮忠孝路北側,1,普通重型-機車營業用-曳引車
107年11月2日 1時3分秒,臺中市潭子區東寶里雅潭路三段2號前.公尺,1,普通輕型-機車自用-小貨車(含客、貨兩用)
107年11月2日 16時3分秒,臺中市西屯區永安里西屯路三段前.公尺,1,普通重型-機車
107年11月21日 18時52分39秒,桃園市中壢區新生路2段口 / 桃園市中壢區新生路2段口,1,電動自行車-慢車普通重型-機車
107年11月22日 5時5分秒,基隆市信義區仁一路 / 基隆市信義區月眉路,1,行人-人普通重型-機車
107年11月22日 1時44分秒,高雄市鳳山區鳳頂路 / 高雄市鳳山區頂庄路,1,自用-小貨車(含客、貨兩用)普通重型-機車
107年11月22日 2時19分22秒,臺南市永康區大灣路口 / 臺南市永康區南興路,1,普通重型-機車普通重型-機車
107年11月22日 22時7分秒,新北市三重區中山橋機車道路前.公尺,1,普通重型-機車
107年11月23日 3時29分秒,桃園市桃園區成功路3段口 / 桃園市桃園區長壽路口,1,自用-小客車普通重型-機車
107年11月23日 17時8分秒,臺中市大甲區義和里中山路一段前.公尺,1,普通重型-機車營業用-半聯結車
107年11月23日 19時17分秒,雲林縣臺西鄉海南村民族路附近 / 雲林縣臺西鄉海南村文化路附近,1,行人-人普通重型-機車
107年11月23日 19時48分秒,屏東縣里港鄉過江路7之5號,1,普通重型-機車自用-小貨車(含客、貨兩用)
107年11月24日 5時33分秒,彰化縣秀水鄉馬興村彰馬街97弄1-1號前.公尺前,1,行人-人普通重型-機車
107年11月24日 1時39分秒,南投縣名間鄉1號道路與彰南路(名間國小右後方)路口,1,普通重型-機車自用-小貨車(含客、貨兩用)乘客-人
107年11月24日 12時59分秒,臺北市北投區竹子湖路前.公尺,1,大型重型2(25-55C.C.)-機車自用-小客車腳踏自行車-慢車乘客-人乘客-人
107年11月24日 17時58分秒,澎湖縣馬公市縣24線 5.公尺處西側向外側,1,普通重型-機車行人-人
107年11月24日 22時41分秒,新北市新店區長興路前.公尺,1,普通重型-機車
107年11月25日 1時3分秒,彰化縣花壇鄉三春村彰員路1段 / 彰化縣花壇鄉三春村三芬路,1,自用-小客車普通重型-機車
107年11月25日 11時3分45秒,桃園市八德區大強里東勇街616巷85號前.公尺,1,普通重型-機車普通重型-機車
107年11月25日 11時31分秒,高雄市仁武區八德一路8-2號前.公尺前,1,營業用-曳引車普通重型-機車
107年11月25日 16時51分秒,臺南市南區中華西路1段北側 / 臺南市南區新平路東側,1,自用-小客車大型重型1(55C.C.以上)-機車
107年11月25日 17時3分27秒,南投縣埔里鎮籃城里中正路141號東側,1,普通重型-機車自用-曳引車
107年11月25日 19時51分秒,新北市土城區中央路4段281號前.公尺,1,行人-人民營公車-大客車
107年11月26日 4時16分秒,高雄市內門區縣道182前.公尺,1,自用-小客車乘客-人乘客-人乘客-人
107年11月26日 6時48分秒,臺中市北屯區陳平里敦化路一段588號前.公尺,1,自用-小客車行人-人
107年11月26日 8時2分2秒,臺南市白河區南92-1 1公里8.公尺處,1,普通重型-機車自用-小客車
107年11月26日 11時35分秒,桃園市大園區大工路21號,1,腳踏自行車-慢車自用-小貨車(含客、貨兩用)
107年11月26日 18時22分秒,臺中市西屯區鵬程里大鵬路前.公尺,1,普通重型-機車自用-曳引車
107年11月27日 時1分秒,臺中市北屯區同榮里環中路一段前.公尺,1,租賃車-小客車
107年11月27日 5時4分秒,彰化縣田中鎮新庄里中南路3段前.公尺,1,普通重型-機車腳踏自行車-慢車自用-小貨車(含客、貨兩用)
107年11月27日 9時4分秒,臺東縣臺東市連航路口 / 臺東縣臺東市蘭州街口,1,普通重型-機車自用-小客車
107年11月27日 16時37分秒,雲林縣土庫鎮南平里158公路與158甲公路口,1,普通重型-機車自用-小客車
107年11月28日 7時3分46秒,臺南市東區東門路2段26號前.公尺東側,1,自用-小客車普通重型-機車自用-小客車
107年11月28日 1時5分秒,臺東縣臺東市建農里知本路1段72號前.公尺,1,普通重型-機車自用-小貨車(含客、貨兩用)
107年11月28日 11時35分秒,新北市新莊區重新堤外道路 / 新北市新莊區重新堤外道路,1,腳踏自行車-慢車普通重型-機車
107年11月28日 14時1分秒,臺中市龍井區福田里臨港東路二段345號前.公尺,1,營業用-大貨車普通重型-機車
107年11月28日 14時29分31秒,新竹縣竹東鎮中正路26號,1,工程車-特種車行人-人
107年11月28日 16時56分秒,基隆市七堵區八德路2-1號前.公尺,1,普通重型-機車營業用-大貨車
107年11月29日 3時25分秒,高雄市楠梓區加昌路 / 高雄市楠梓區秀群路,1,普通重型-機車普通重型-機車
107年11月29日 7時36分秒,澎湖縣白沙鄉澎9號線 13.公尺處西側,1,自用-小客車
107年11月29日 1時5分秒,臺中市烏日區九德里建國路前.公尺,1,普通重型-機車大型重型2(25-55C.C.)-機車
107年11月29日 21時45分秒,花蓮縣新城鄉台9線 195公里2.公尺處南側向外側,1,自用-小客車營業用-曳引車乘客-人乘客-人
107年11月3日 6時12分秒,南投縣名間鄉彰南路與大老巷,1,普通重型-機車自用-小貨車(含客、貨兩用)
107年11月3日 9時4分秒,新北市林口區中山路99號前.公尺,1,營業用-大貨車普通重型-機車
107年11月3日 17時5分秒,桃園市楊梅區高榮里幼獅路1段92號前.公尺南側,1,遊覽車-大客車普通重型-機車
107年11月3日 21時15分36秒,桃園市龜山區國道1號 41公里8.公尺處南側,1,自用-小客車自用-小貨車(含客、貨兩用)
107年11月3日 23時25分7秒,苗栗縣頭份市信德路261號旁,1,普通重型-機車
107年12月1日 1時15分秒,臺北市中山區民權東路1段48號前.公尺,1,計程車-小客車行人-人
107年12月1日 9時45分秒,新北市三重區新北大道1段3號前.公尺,1,腳踏自行車-慢車普通重型-機車乘客-人
107年12月1日 11時3分秒,臺南市西港區後營里市道173線後營35號前.公尺,1,普通重型-機車自用-小客車
107年12月2日 2時分5秒,南投縣埔里鎮中心路247巷15號,1,普通重型-機車自用-小客車
107年12月2日 4時27分59秒,苗栗縣通霄鎮五南里慈雲寺前,1,行人-人自用-小客車
107年12月2日 6時6分5秒,屏東縣滿州鄉港口村公舘路段,1,普通重型-機車行人-人
107年12月2日 14時15分秒,彰化縣福興鄉麥厝村沿海路1段125號前.公尺,1,普通重型-機車自用-小客車乘客-人
107年12月2日 16時3分秒,屏東縣屏東市歸仁南路56號前.公尺,1,普通重型-機車
107年12月3日 時1分秒,桃園市楊梅區三湖里泰圳路126號前.公尺北側,1,自用-小客車
107年12月3日 1時59分秒,臺北市大安區忠孝東路3段 / 臺北市大安區復興南路1段,1,自用-小客車普通重型-機車
107年12月3日 8時12分秒,新北市瑞芳區逢甲路前.公尺,1,普通重型-機車
107年12月3日 8時32分秒,嘉義縣六腳鄉灣南村灣內119號前路口(嘉56線道起點),1,普通重型-機車自用-小客車自用-小貨車(含客、貨兩用)
107年12月3日 9時39分秒,嘉義縣布袋鎮江山里產業道路考試潭55電力桿對面,1,普通重型-機車
107年12月3日 1時53分秒,高雄市左營區村富民路 / 高雄市左營區大順一路,1,普通重型-機車行人-人乘客-人
107年12月4日 5時28分秒,彰化縣彰化市福山里彰南路1段 / 彰化縣彰化市福山里福東街,1,腳踏自行車-慢車營業用-小貨車(含客、貨兩用)
107年12月4日 6時5分秒,花蓮縣秀林鄉台9線 174公里6.公尺處東側向中線,1,普通重型-機車營業用-大貨車
107年12月4日 7時52分秒,苗栗縣通霄鎮通南里中山路口 / 苗栗縣通霄鎮通南里南華路口,1,普通重型-機車自用-小客車
107年12月4日 9時4分秒,新北市淡水區坪頂路前.公尺,1,普通重型-機車遊覽車-大客車
107年12月4日 9時34分秒,臺中市烏日區五光里環河路一段前.公尺,1,營業用-小貨車(含客、貨兩用)普通重型-機車
107年12月4日 9時45分秒,彰化縣彰化市文化里三民路 / 彰化縣彰化市文化里中民街,1,自用-小貨車(含客、貨兩用)行人-人
107年12月4日 17時3分45秒,桃園市蘆竹區長春路5號前,1,普通重型-機車普通重型-機車乘客-人
107年12月4日 18時分秒,臺南市東區自由路2段北側 / 臺南市東區自由路2段,1,普通重型-機車行人-人
107年12月4日 18時6分49秒,苗栗縣南庄鄉田美村2鄰田美44號,1,自用-小貨車(含客、貨兩用)普通重型-機車
107年12月5日 4時42分秒,新北市貢寮區臺2線道路前.公尺,1,營業用-曳引車
107年12月5日 7時35分14秒,南投縣南投市千秋路222號附近(路燈1274號),1,普通重型-機車
107年12月5日 7時47分秒,嘉義縣大林鎮三村里潭墘產業道路,1,普通重型-機車
107年12月5日 22時分秒,臺南市安定區中榮里南134線西向路段,1,自用-小客車
107年12月6日 7時43分23秒,苗栗縣南庄鄉員林村2鄰下員林68-3號前,1,自用-小客車普通重型-機車乘客-人
107年12月6日 7時45分48秒,雲林縣臺西鄉台61線,1,營業用-大貨車自用-小貨車(含客、貨兩用)自用-小客車
107年12月6日 11時58分11秒,臺南市永康區尚頂里正南一街南側 / 臺南市永康區正南一街北側,1,普通重型-機車行人-人自用-小貨車(含客、貨兩用)
107年12月7日 7時4分26秒,宜蘭縣三星鄉上將路三段398巷口,1,行人-人普通重型-機車
107年12月7日 1時53分秒,新北市樹林區中山路3段19號前.公尺,1,普通重型-機車營業用-全聯結車
107年12月7日 17時1分秒,高雄市小港區村翠亨南路 / 高雄市小港區福隆街,1,自用-小貨車(含客、貨兩用)普通重型-機車
107年12月7日 18時27分秒,彰化縣芬園鄉舊社村彰南路5段 / 彰化縣芬園鄉舊社村彰南路5段,2,自用-小客車民營公車-大客車自用-小客車乘客-人
107年12月8日 1時45分秒,嘉義縣番路鄉下坑村159甲線前.公尺,1,自用-小客車普通重型-機車
107年12月8日 16時1分秒,新北市新莊區思源路 / 新北市新莊區頭前路,1,自用-小客車普通重型-機車乘客-人乘客-人
107年12月9日 4時2分15秒,苗栗縣銅鑼鄉國道1號 138公里816.公尺處北側向中線,3,自用-小客車自用-小貨車(含客、貨兩用)乘客-人乘客-人乘客-人乘客-人乘客-人乘客-人
107年12月9日 5時33分秒,新北市五股區成泰路3段 / 新北市五股區成泰路3段,1,自用-小貨車(含客、貨兩用)行人-人
107年12月9日 1時22分秒,屏東縣高樹鄉泰山村山下路,1,其他車-其他車乘客-人
107年12月9日 11時42分秒,嘉義市西區福民里興業西路 / 嘉義市西區福民里南京路,1,普通重型-機車電動輔助自行車-慢車
107年12月9日 12時2分2秒,嘉義縣六腳鄉塗師村內產業道路路口,1,普通重型-機車自用-小客車
107年12月9日 18時14分秒,臺北市信義區和平東路3段 / 臺北市信義區富陽街,1,普通重型-機車行人-人普通重型-機車乘客-人
107年12月9日 22時25分秒,屏東縣萬丹鄉甘棠村新南路,1,自用-小客車
107年12月1日 1時15分33秒,宜蘭縣宜蘭市復興路2段19號前.公尺,1,行人-人自用-小客車
107年12月1日 5時分秒,高雄市新興區里大同一路 / 高雄市新興區林森一路,1,自用-小客車普通輕型-機車
107年12月1日 16時49分秒,雲林縣西螺鎮新豐里興農西路388號對向車道,1,腳踏自行車-慢車自用-小貨車(含客、貨兩用)
107年12月1日 19時17分48秒,屏東縣屏東市忠孝路295號前.公尺,1,普通重型-機車行人-人
107年12月1日 23時26分9秒,宜蘭縣壯圍鄉美宜路口 / 宜蘭縣壯圍鄉大福路3段口,1,自用-小客車自用-小客車乘客-人
107年12月11日 9時5分秒,桃園市中壢區仁慈路33號前.公尺附近,1,普通重型-機車行人-人
107年12月11日 1時4分秒,南投縣水里鄉上安村水信路3段口 / 南投縣水里鄉上安村三十甲路口,1,普通重型-機車自用-小客車
107年12月11日 11時2分秒,屏東縣新園鄉屏63-1線、五房路898巷口,1,普通重型-機車自用-大貨車
107年12月11日 17時53分5秒,南投縣集集鎮成功路228號,1,自用-小客車行人-人
107年12月12日 11時15分秒,高雄市苓雅區金門街 / 高雄市苓雅區福建街,1,普通重型-機車自用-小客車
107年12月12日 18時51分秒,新北市三峽區中華路 / 新北市三峽區中華路,1,普通重型-機車行人-人
107年12月12日 19時5分秒,桃園市蘆竹區富華路2段8號前.公尺南側,1,自用-小貨車(含客、貨兩用)普通重型-機車
107年12月12日 2時54分秒,桃園市龜山區大坑路2段5之18號前.公尺北側,1,普通重型-機車自用-小貨車(含客、貨兩用)
107年12月13日 5時55分秒,臺東縣臺東市台11線 17公里3.公尺處,1,普通重型-機車普通重型-機車
107年12月13日 7時44分秒,彰化縣鹿港鎮東崎里彰鹿路5段17號前.公尺前,1,營業用-半聯結車普通重型-機車
107年12月13日 15時35分秒,高雄市阿蓮區村中正路 / 高雄市阿蓮區產業道路,1,普通重型-機車自用-小客車乘客-人
107年12月13日 17時22分秒,桃園市觀音區仁愛路2段185號前.公尺南側,1,普通重型-機車自用-大貨車
107年12月13日 17時27分秒,雲林縣虎尾鎮興中里興中229之4號前,1,腳踏自行車-慢車普通重型-機車
107年12月14日 時3分秒,高雄市三民區里民族一路463號前.公尺,1,普通重型-機車
107年12月14日 11時1分24秒,新竹市東區明湖路與環北路口,1,普通重型-機車自用-小客車
107年12月14日 11時36分秒,臺南市永康區中山北路東側 / 臺南市永康區龍中街,1,自用-小貨車(含客、貨兩用)普通重型-機車
107年12月14日 16時2分57秒,雲林縣元長鄉客厝村客厝橋旁路口,1,普通重型-機車自用-小貨車(含客、貨兩用)
107年12月14日 18時32分3秒,臺南市安定區新吉里國道8號旁道路新吉281-7號前.公尺,1,普通重型-機車
107年12月14日 22時45分5秒,桃園市大溪區員林路3段口 / 桃園市大溪區悅華路口,1,計程車-小客車行人-人
107年12月15日 時39分秒,嘉義市西區湖邊里興達路13號前.公尺前,2,自用-小客車普通重型-機車普通重型-機車普通重型-機車自用-小客車乘客-人乘客-人
107年12月15日 5時57分秒,高雄市梓官區里大舍東路227號前.公尺,1,普通重型-機車行人-人
107年12月15日 1時31分秒,新北市三峽區中正路1段165號前.公尺,1,自用-小客車行人-人
107年12月15日 12時39分秒,嘉義縣布袋鎮新岑里台17線132公里95公尺處路口,1,普通重型-機車大型重型2(25-55C.C.)-機車
107年12月15日 16時15分39秒,桃園市中壢區中正路四段27號前,1,普通重型-機車行人-人自用-小貨車(含客、貨兩用)
107年12月15日 2時42分秒,新北市三芝區淡金公路前.公尺,1,普通重型-機車自用-小客車
107年12月16日 9時53分秒,桃園市復興區縣119線 4公里附近,1,遊覽車-大客車腳踏自行車-慢車腳踏自行車-慢車
107年12月16日 11時11分秒,桃園市楊梅區高榮里快速路5段東側 / 桃園市楊梅區高榮里快速路5段,1,普通重型-機車普通重型-機車
107年12月16日 12時5分秒,彰化縣芳苑鄉王功村功湖路王功段 / 彰化縣芳苑鄉王功村功湖路王功段,1,自用-小客車普通重型-機車
107年12月16日 14時16分29秒,屏東縣新園鄉仙吉路793號旁,1,腳踏自行車-慢車自用-小客車
107年12月16日 15時57分秒,臺南市新化區𦰡拔里區道南177線口 / 臺南市新化區𦰡拔里無名道路,1,自用-小客車普通重型-機車乘客-人乘客-人
107年12月17日 17時3分33秒,臺南市柳營區人和里柳營路南往北方向(急水溪橋南側防汛道路口),1,普通重型-機車自用-小客車乘客-人
107年12月17日 22時15分1秒,臺南市將軍區南26 2公里4.公尺處南側向路肩,1,普通重型-機車
107年12月18日 時45分秒,屏東縣恆春鎮墾丁里墾丁路段,1,普通重型-機車
107年12月18日 5時58分秒,臺中市大雅區員林里中清路四段7巷口弄前.公尺,1,自用-小貨車(含客、貨兩用)普通重型-機車
107年12月18日 9時17分15秒,屏東縣恆春鎮省北路二段與虎頭路路口前,1,自用-小貨車(含客、貨兩用)普通重型-機車
107年12月18日 17時51分秒,高雄市苓雅區村林森二路 / 高雄市苓雅區中興街,1,普通重型-機車普通重型-機車自用-小客車
107年12月19日 2時2分秒,屏東縣長治鄉中興路635號前,1,普通重型-機車
107年12月19日 8時1分秒,新北市三峽區成福路319之1號前.公尺,1,普通重型-機車普通重型-機車
107年12月19日 12時26分秒,高雄市杉林區村181縣道月光幹94號前.公尺前,1,自用-小客車
107年12月2日 1時24分秒,新北市樹林區環漢路5段前.公尺,1,普通重型-機車
107年12月2日 7時1分38秒,苗栗縣竹南鎮仁愛路與保興街口,1,自用-大貨車普通重型-機車
107年12月2日 8時43分秒,高雄市左營區里站前南路 / 高雄市左營區翠華路,1,自用-小貨車(含客、貨兩用)普通重型-機車
107年12月2日 12時35分秒,彰化縣埔鹽鄉埔鹽村中山路116號前.公尺前,1,普通重型-機車自用-小貨車(含客、貨兩用)
107年12月2日 22時2分秒,臺北市中山區新生高架道前.公尺,1,自用-小客車
107年12月21日 13時3分秒,臺南市麻豆區麻口里市道176線西側 / 臺南市麻豆區麻口里區道南49線北側,1,普通重型-機車普通重型-機車
107年12月21日 15時53分秒,臺南市柳營區人和里柳營路3段53號前.公尺口,1,自用-小貨車(含客、貨兩用)普通重型-機車
107年12月21日 18時14分21秒,苗栗縣三灣鄉中正路91號前,1,自用-小貨車(含客、貨兩用)自用-小客車自用-小客車自用-小客車
107年12月21日 2時45分秒,彰化縣芳苑鄉三合村斗苑路三合段22弄215號前.公尺,1,普通重型-機車乘客-人
107年12月21日 2時49分秒,彰化縣芳苑鄉路平村上林路路上段14號前.公尺西側,1,普通重型-機車自用-小客車
107年12月21日 21時2分21秒,苗栗縣竹南鎮港墘里西濱快速公路北上94.7側車道附近,1,普通重型-機車腳踏自行車-慢車
107年12月22日 時5分秒,桃園市八德區介壽路二段口 / 桃園市八德區介壽路二段口,1,自用-小客車大型重型2(25-55C.C.)-機車
107年12月22日 5時32分秒,金門縣烈嶼鄉湖埔路路燈桿編號53167,1,普通重型-機車
107年12月22日 6時1分秒,高雄市六龜區文武里台27甲省道前.公尺,1,自用-小貨車(含客、貨兩用)民營公車-大客車
107年12月22日 6時14分秒,桃園市觀音區嘉富路1582號前.公尺北側,1,普通重型-機車
107年12月22日 6時17分秒,雲林縣虎尾鎮林森路二段29623燈桿前,1,行人-人自用-小貨車(含客、貨兩用)
107年12月22日 9時23分秒,臺東縣成功鎮台11線 14公里南側向中內,1,普通重型-機車營業用-大貨車
107年12月22日 13時5分秒,高雄市鼓山區柴山大路桃源179路燈號前.公尺,1,普通重型-機車計程車-小客車乘客-人
107年12月22日 13時57分秒,嘉義縣水上鄉下寮村嘉42-1線(電桿信義幹51左支19旁),1,自用-小客車
107年12月22日 14時45分秒,臺南市楠西區灣丘里南188線3.3公里,1,大型重型1(55C.C.以上)-機車
107年12月22日 17時1分13秒,南投縣草屯鎮石川里碧興路2段1221巷72號前.公尺,1,電動輔助自行車-慢車
107年12月22日 2時6分秒,屏東縣佳冬鄉六根村復興路1之2號東側,1,普通重型-機車
107年12月23日 3時22分49秒,桃園市楊梅區中山里中山北路口 / 桃園市楊梅區中山里自立街口,1,自用-小客車營業用-曳引車
107年12月23日 5時5分秒,高雄市鳳山區保華一路 / 高雄市鳳山區牛寮路,1,自用-小客車自用-小貨車(含客、貨兩用)乘客-人
107年12月23日 6時55分46秒,屏東縣新園鄉鹽埔村義仁路388號,1,普通重型-機車
107年12月23日 19時44分秒,臺中市北屯區舊社里松竹路一段前.公尺,1,自用-小客車行人-人
107年12月24日 時1分22秒,南投縣埔里鎮籃城六巷15號,1,普通重型-機車
107年12月24日 16時9分5秒,臺中市龍井區國道3號 184公里5.公尺處北側向爬坡,1,營業用-半聯結車自用-大貨車
107年12月24日 17時34分秒,嘉義縣太保市後潭里後潭396號前(近167線與嘉39線路口),1,自用-小客車普通重型-機車自用-小客車自用-小客車
107年12月25日 9時45分秒,高雄市湖內區中山路1段 / 高雄市湖內區大仁路,1,營業用-曳引車普通重型-機車
107年12月25日 12時42分秒,新北市土城區擺接堡路 / 新北市土城區柑城橋道路,1,普通重型-機車自用-大貨車
107年12月26日 14時44分秒,臺中市清水區菁埔里中華北路前.公尺,1,普通重型-機車
107年12月26日 17時58分秒,雲林縣莿桐鄉義和村三和路137-8號前.公尺,1,普通重型-機車
107年12月27日 4時5分秒,宜蘭縣壯圍鄉大福路2段181號附近,1,普通重型-機車
107年12月27日 9時35分秒,嘉義縣番路鄉觸口村台18線32公里附近,1,遊覽車-大客車普通重型-機車
107年12月27日 11時34分秒,臺北市南港區研究院路1段 / 臺北市南港區研究院路1段,1,自用-小貨車(含客、貨兩用)自用-小客車普通重型-機車自用-小貨車(含客、貨兩用)自用-小客車
107年12月27日 15時1分秒,桃園市大園區沙崙里國際路2段北側 / 桃園市大園區沙崙里中央路西側,1,自用-大貨車普通重型-機車
107年12月27日 15時36分秒,花蓮縣富里鄉台9線 312公里2.公尺處北側向內側,1,自用-小客車自用-小客車乘客-人乘客-人
107年12月27日 16時33分秒,新北市八里區關渡橋道路前.公尺,1,普通重型-機車
107年12月27日 16時39分秒,臺中市東區干城里進德路139號前.公尺,1,自用-小貨車(含客、貨兩用)普通重型-機車
107年12月27日 17時37分秒,彰化縣北斗鎮五權里宮前街1-14號前.公尺前,1,行人-人普通重型-機車
107年12月27日 18時17分1秒,屏東縣恆春鎮南灣路26號,1,普通重型-機車租賃車-小客車
107年12月27日 19時17分秒,高雄市楠梓區村左楠路宏榮12路燈號前.公尺,1,普通重型-機車普通重型-機車乘客-人
107年12月28日 6時15分4秒,桃園市八德區介壽路2段口 / 桃園市八德區介壽路2段口,1,普通重型-機車行人-人
107年12月28日 9時15分秒,彰化縣和美鎮塗厝里欣北路136號前.公尺,1,動力機械-其他車普通重型-機車營業用-曳引車
107年12月28日 13時25分秒,臺北市南港區松河街32號前.公尺,1,普通重型-機車自用-小客車
107年12月28日 15時15分秒,雲林縣西螺鎮福田里市場北路福井1東2電桿處,1,普通重型-機車自用-小貨車(含客、貨兩用)
107年12月28日 17時27分秒,高雄市梓官區村赤崁東路 / 高雄市梓官區赤崁東路,1,普通重型-機車普通重型-機車自用-小客車
107年12月28日 19時45分秒,臺中市梧棲區台灣大道十段與中二路口,1,營業用-曳引車普通重型-機車
107年12月28日 2時6分25秒,南投縣南投市復興路69號前,1,普通重型-機車乘客-人
107年12月28日 23時22分秒,新北市泰山區泰林路3段前.公尺,1,普通重型-機車
107年12月29日 12時33分13秒,新竹縣峨眉鄉台三線89.5公里處(北向),1,普通重型-機車
107年12月29日 13時3分秒,嘉義縣朴子市佳禾里167線3.5公里處馬稠後工業區出入口,2,自用-小客車腳踏自行車-慢車腳踏自行車-慢車
107年12月3日 2時1分秒,臺南市安南區安明路2段路燈114號前.公尺北側,1,普通重型-機車
107年12月3日 7時25分秒,臺東縣成功鎮台11線 111公里3.公尺處北側向中線,1,普通重型-機車自用-小貨車(含客、貨兩用)
107年12月3日 15時27分秒,臺東縣臺東市臨海路1段143號,1,自用-小客車自用-小客車普通重型-機車普通重型-機車普通重型-機車普通重型-機車普通重型-機車
107年12月3日 18時3分秒,臺北市士林區中正路 / 臺北市士林區中正路,1,自用-小客車普通重型-機車
107年12月3日 2時45分52秒,屏東縣瑪家鄉中村三和9號前,1,普通重型-機車普通重型-機車乘客-人乘客-人
107年12月31日 7時25分秒,臺南市玉井區台84線 4公里4.公尺處東側向機、慢車道,1,自用-大貨車普通重型-機車
107年12月31日 11時3分秒,臺南市南區中華西路1段口 / 臺南市南區新義路,1,自用-小客車普通重型-機車自用-小客車自用-大貨車
107年12月31日 15時59分34秒,新竹縣竹東鎮中興路4段口 / 新竹縣竹東鎮柯湖路,1,普通重型-機車自用-小客車
107年12月31日 18時9分53秒,新竹縣芎林鄉富林路二段26號前,1,租賃車-小客車普通重型-機車
107年12月31日 18時44分秒,南投縣南投市三和里中興路一街口 / 南投縣南投市公園南街口,1,腳踏自行車-慢車普通重型-機車
